2019-09-01 11:48:30,b'RT @D_Aerospotting: United Airlines - Boeing 767-300 (Star Alliance Livery) [N653UA]\nBerlin Tegel Airport (TXL/EDDT) - 22/07/19\n#eddt #berl\xe2\x80\xa6'
2019-09-01 10:34:40,b'@united Not going to waste my time. I need help NOW not to fix your customer service problems for you for the futur\xe2\x80\xa6 https://t.co/Hw1LME69eP'
2019-09-01 10:17:37,b'Worst airline on the planet\nMisinformation since 5am about departure culminating in a cancellation.  Rebooked for t\xe2\x80\xa6 https://t.co/PNstJw3cPE'
2019-09-01 09:28:21,b'United Airlines - Boeing 767-300 (Star Alliance Livery) [N653UA]\nBerlin Tegel Airport (TXL/EDDT) - 22/07/19\n#eddt\xe2\x80\xa6 https://t.co/MeWhIaGVua'
2019-09-01 07:37:49,b'This can\xe2\x80\x99t really be happening! Plane to returns to gate again!! Flight crew may now be timed out. United Customer\xe2\x80\xa6 https://t.co/sSSQ9067dO'
2019-09-01 06:30:39,b'--\xe2\x9c\x88Classic Aircraft Model Box\n\n#AeroClassics #n8817e #deltaairlines #delta #unitedairlines #\xe9\x81\x94\xe7\xbe\x8e\xe8\x88\xaa\xe7\xa9\xba #\xe8\x81\xaf\xe5\x90\x88\xe8\x88\xaa\xe7\xa9\xba\xe2\x80\xa6 https://t.co/aZ8cv6Jt7w'
2019-09-01 06:08:50,b'Worst ever. #UnitedAirlines'
2019-09-01 04:30:55,b'Flight turned around twice due to instrument failures! United wants me to get on a plane again? Seriously?! 8 hours\xe2\x80\xa6 https://t.co/zgRYtJIcwt'
2019-09-01 04:11:51,"b'RT @BHGMichelleD: UA 964 worst flight ever! Boarded at 5:30pm, instrument outage, back to Newark. Put on same plane at 8:30pm, 2nd failure,\xe2\x80\xa6'"
2019-09-01 04:11:12,b'Nice gift from passenger travelling to Santiago #UnitedAirlines https://t.co/UQmq1M6aQ7'
2019-09-01 04:04:56,"b'UA 964 worst flight ever! Boarded at 5:30pm, instrument outage, back to Newark. Put on same plane at 8:30pm, 2nd fa\xe2\x80\xa6 https://t.co/V5TN4qTOcG'"
2019-09-01 03:50:38,"b""@united You didn't even ask for any of my tracking or flight information. Somehow that tweet is less than reassurin\xe2\x80\xa6 https://t.co/ZryFAp1kX3"""
2019-09-01 03:20:33,b'Come on #UnitedAirlines 2x in one night?? https://t.co/7n46US2G9B'
2019-09-01 02:05:36,b'RT @esouthersHVE: Nothing better than loge seats in our new #UnitedAirlines Field \xe2\x81\xa6@lacoliseum\xe2\x81\xa9 for the \xe2\x81\xa6@uscfootball\xe2\x81\xa9 season opener. Thank\xe2\x80\xa6'
2019-09-01 01:25:25,b'RT @esouthersHVE: Nothing better than loge seats in our new #UnitedAirlines Field \xe2\x81\xa6@lacoliseum\xe2\x81\xa9 for the \xe2\x81\xa6@uscfootball\xe2\x81\xa9 season opener. Thank\xe2\x80\xa6'
2019-09-01 00:59:12,b'Nothing better than loge seats in our new #UnitedAirlines Field \xe2\x81\xa6@lacoliseum\xe2\x81\xa9 for the \xe2\x81\xa6@uscfootball\xe2\x81\xa9 season opener.\xe2\x80\xa6 https://t.co/HCCuTFssx9'
2019-09-01 00:55:55,"b'Great experience with United from Zurich via Washington Dulles to Boston. Loved the 787 Dreamliner, punctuality, fo\xe2\x80\xa6 https://t.co/dFIraMDEKe'"
2019-09-01 00:15:33,b'Missed flights coming and going on this vacation. Three out of four trips on #UnitedAirlines resulted in extra nigh\xe2\x80\xa6 https://t.co/Q7NsyXoyEW'
2019-08-31 22:23:16,"b""As usual the passenger transport group at #UnitedAirlines is unable to handle the workload.  They don't have any ha\xe2\x80\xa6 https://t.co/ipLnCa3OL4"""
2019-08-31 21:38:53,b'When the flight attendant on your flight brands you as best friends now!!! Temporary tattoo of a llama!!! Awesome!\xe2\x80\xa6 https://t.co/iW6bqK5Lgg'
2019-08-31 20:24:29,"b'Family booked flights on #unitedairlines @united from ORD to MIA in December this was not our first option, but we\xe2\x80\xa6 https://t.co/aEfRLGcE8x'"
2019-08-31 20:00:58,"b'So my flight with duration of1 hour 20 mins, is late by 1hour 20 mins. #unitedairlines'"
2019-08-31 19:30:40,b'And it\xe2\x80\x99s supposed to be upgrade? To the middle seat? Whilst I chose 34A window online? #UnitedAirlines @united Woul\xe2\x80\xa6 https://t.co/Hpu67bAA2o'
2019-08-31 19:07:05,b'#unitedairlines why you have pathetic international service while your domestic is fine. Your flight attendants are\xe2\x80\xa6 https://t.co/Q5nzNZE3ae'
2019-08-31 18:54:47,b'RT @WillAviation: Thank you @united for continuing to serve up #stroopwafels on your flights #Travel #travelling #traveller #unitedairlines\xe2\x80\xa6'
2019-08-31 18:42:11,b'#unitedAIRLINES sucks. Stuck on the runway. This airline is the worse'
2019-08-31 18:18:31,b'Hey @AmericanAir Great idea by #unitedAIRLINES No more frequent flyer freakouts: United removes expiration dates on\xe2\x80\xa6 https://t.co/kKpaaGdiwW'
2019-08-31 17:50:47,"b'#united #unitedairlines New menu option on United, choose the aircraft you\xe2\x80\x99d like to fly on the spot. https://t.co/4VabXHDFT9'"
2019-08-31 17:47:45,b'@united It\xe2\x80\x99s great that miles are not expiring anymore but I had 24k miles expire at beginning of the year.  Can I\xe2\x80\xa6 https://t.co/OPfJZeRWqW'
2019-08-31 17:16:48,"b'Hey @united , your economy seats are nowhere near suitable for someone 6\xe2\x80\x993, and you wanted $160 extra to get 3 more\xe2\x80\xa6 https://t.co/orrDbACgIf'"
2019-08-31 17:00:30,"b'#UnitedAirlines said that effective immediately, #MileagePlus award miles will never expire, giving members a lifet\xe2\x80\xa6 https://t.co/gChkTw0bxF'"
2019-08-31 16:47:23,b'@united  #UnitedAirlines get your sh&amp;@ together &amp; i want my refund for your negligence. Its now a month since the e\xe2\x80\xa6 https://t.co/QaxarbMU2W'
2019-08-31 16:27:00,b'#unitedAIRLINES #brokenplane #bullshit so far two fucking broken planes in Houston what anshitbirt outfit and one t\xe2\x80\xa6 https://t.co/ibm77dYIWd'
2019-08-31 15:50:39,"b'Al Haynes, #UnitedAirlines pilot who saved 184 lives during 1989 plane crash, dies at 87.\n https://t.co/p2ggza19PK via @seattletimes'"
2019-08-31 15:34:01,"b""Nice to read about the KINDNESS of strangers - A boy with #autism wouldn't sit still on a #UnitedAirlines flight. S\xe2\x80\xa6 https://t.co/OrlD2bc9rw"""
2019-08-31 15:21:55,b'.@UNITEDA1RLINES please help me find my son\xe2\x80\x99s lost tablet!  Seat 29E from Honolulu to Washington DC Dulles which ar\xe2\x80\xa6 https://t.co/uPZdm6Qmor'
2019-08-31 14:02:13,"b'When your seat &amp; gate both have flights to Washington on #UnitedAirlines  leaving at about the same time, you end u\xe2\x80\xa6 https://t.co/BBwFoL6csX'"
2019-08-31 13:50:34,"b""Understanding and giving: A boy with #autism wouldn't sit still on a #UnitedAirlines flight. So crew and passengers\xe2\x80\xa6 https://t.co/Yl1M5VP6ZR"""
2019-08-31 13:41:30,b'RT @Havs17: Watching people navigate the process of placing carry-on luggage into the overhead bins of an aircraft has me extremely concern\xe2\x80\xa6'
2019-08-31 13:37:02,"b""It's still amazes me that we can connect with friends and family while in the air on an airplane #myUAjourney\xe2\x80\xa6 https://t.co/oN6J5lOILK"""
2019-08-31 13:28:01,"b'@united How can you have airplanes sitting at the gate, in August, with the heat on? No concern for people with bre\xe2\x80\xa6 https://t.co/dMDfknyVDM'"
2019-08-31 13:26:56,b'Really disappointed with @United and what apparently passes for first class these days. #pathetic #UnitedAirlines'
2019-08-31 13:14:35,"b'Earn 40,000 bonus miles with United Explorer Card. Learn more. #miles #unitedairlines #travel  https://t.co/6HXT9Wg3hd'"
2019-08-31 13:01:01,b'As Hurricane Dorian approaches Florida we hope our pilots who are located in Florida stay safe \xf0\x9f\x99\x8f\xf0\x9f\x8f\xbb \xe2\x99\xa5\xef\xb8\x8f \xe2\x9c\x88\xef\xb8\x8f\n\n*Btw love\xe2\x80\xa6 https://t.co/HEdtVehjfW'
2019-08-31 12:48:08,b'RT @Judene_Vatalaro: Thank you for breakfast #unitedairlines #delays @CPAmexJV https://t.co/lhkXcp9qaW'
2019-08-31 12:46:55,b'Thank you for breakfast #unitedairlines #delays @CPAmexJV https://t.co/lhkXcp9qaW'
2019-08-31 12:42:09,b'Thank you @united for continuing to serve up #stroopwafels on your flights #Travel #travelling #traveller\xe2\x80\xa6 https://t.co/v1XquOUmbW'
2019-08-31 12:29:38,b'lol this is real #unitedairlines https://t.co/Dxw0r4QxzV'
2019-08-31 12:29:08,"b'We spend endless days ripping the airline industry, and sometimes deservedly so, for their actions. Need to highlig\xe2\x80\xa6 https://t.co/VjnXtxJ9Bj'"
2019-08-31 12:18:15,"b'My last flight for today, home to Toronto #unitedairlines #united #Travel #travelling #travelblogger #Toronto\xe2\x80\xa6 https://t.co/zLS0kwPOMp'"
2019-08-31 11:06:02,b'Video: Travel Blogger @SaucepanKids Debbie Woodward and @United\n have teamed up to bring you this Excellent Chicago\xe2\x80\xa6 https://t.co/vBPhpZMIVh'
2019-08-31 10:41:09,"b'When people tell my husband\xe2\x80\x9cThank you for your military service\xe2\x80\x9d the first thing he does is say \xe2\x80\x9cThank my wife, she\xe2\x80\xa6 https://t.co/mjMB13xycl'"
2019-08-31 07:35:40,"b'#UnitedAirlines, #UnitedAirlinesFlights\n#UnitedAirlinesReservations, #UnitedflightsReservations\nMust Know 15 Over-t\xe2\x80\xa6 https://t.co/KzokQummOC'"
2019-08-31 06:57:20,b'The Book with the most stories should be your passport #UnitedAirlines #UA5471 https://t.co/6PwieFGcFj'
2019-08-31 06:24:44,b'Why no one is surprised when @united makes a mess in boarding passengers. UA1.  #UA #unitedAIRLINES #SFO'
2019-08-31 03:37:42,b'RT @LauraKitis: I will literally jump off a bridge before #flying through @fly2ohare again. Waiting for a #delayed @united flight next to t\xe2\x80\xa6'
2019-08-31 03:32:34,b'I will literally jump off a bridge before #flying through @fly2ohare again. Waiting for a #delayed @united flight n\xe2\x80\xa6 https://t.co/zn7Ie9xZ66'
2019-08-31 03:26:46,"b'Its normal to have your flight delayed til 1215 am and have to sit next to a full fledged construction zone, right?\xe2\x80\xa6 https://t.co/usvficuoFL'"
2019-08-31 03:23:14,"b'@united delays my flight to 1215 am, &amp; @fly2ohare has me sitting at a gate next to the loudest construction I\xe2\x80\x99ve ev\xe2\x80\xa6 https://t.co/OkX1Uw3Zjv'"
2019-08-31 03:20:55,b'GET me tf out of here...@fly2ohare drilling/construction at c concourse is INSANE. @united your x3 delay is 1 thing\xe2\x80\xa6 https://t.co/0oXAAlHjF2'
2019-08-31 02:42:38,b'So disappointed #unitedAIRLINES .  Our flight from Austin to Houston was delayed but we arrived at 9:00 pm and our\xe2\x80\xa6 https://t.co/TESgoDEZwi'
2019-08-31 02:36:52,b'#unitedAIRLINES: there are 30 people standing at customer service trying to rebook. It\xe2\x80\x99d be great if you had more than 3 people working.'
2019-08-31 01:51:41,"b'Our #UnitedAirlines boarded us at 5:55pm. Then, power went out  in the plane. It\xe2\x80\x99s 6:49 and we just received a mess\xe2\x80\xa6 https://t.co/n9LnydwMg8'"
2019-08-31 01:16:21,b'If you like airline miles and points via frequent flying or credit cards. Do you know when they expire? I discuss a\xe2\x80\xa6 https://t.co/oTDn5rJVbH'
2019-08-31 00:30:57,"b'@UNITEDA1RLINES you saved our Wedding, now you\xe2\x80\x99ve saved our Honeymoon THANK YOU! @AmericanAir you\xe2\x80\x99ve got a lot to l\xe2\x80\xa6 https://t.co/NTnyHmrIWA'"
2019-08-31 00:30:17,b'@united is a shit airline company #UnitedAirlines'
2019-08-31 00:21:47,"b'Hey, #unitedAIRLINES? I\xe2\x80\x99m supposed to be leaving Houston heading to Mobile right now. Instead, I\xe2\x80\x99m in San Antonio w\xe2\x80\xa6 https://t.co/khTwJGUibw'"
2019-08-30 23:37:05,b'RT @jcull1010: What should I have expected?? #UnitedAirlines fails again. They fly smaller cheaper planes while charging more. Engine doesn\xe2\x80\xa6'
2019-08-30 23:28:46,b'What should I have expected?? #UnitedAirlines fails again. They fly smaller cheaper planes while charging more. Eng\xe2\x80\xa6 https://t.co/EpLqMiSj8Z'
2019-08-30 23:01:45,"b""#unitedairlines. Don't think your seats are close enough. Who needs leg room when you pay 1000 for a round trip fli\xe2\x80\xa6 https://t.co/DlLvgOcwZH"""
2019-08-30 22:54:55,"b'Tight connection in DC today between my arrival from Munich and onward flight to Toronto, but made it with tons of\xe2\x80\xa6 https://t.co/502jFBRAtH'"
2019-08-30 22:32:29,b'Full service review from United Economy Class transatlantic coming soon #PaxEx #flying #Travel #travellers\xe2\x80\xa6 https://t.co/TQO0prGqiI'
2019-08-30 22:05:51,b'@Independent There are two airlines I avoid like the plague #AmericanAirlines and #UnitedAirlines. They are the abs\xe2\x80\xa6 https://t.co/3a5X0no4mE'
2019-08-30 22:02:31,b'@Aviationdailyy Reminds me the Hudson River Landing  by the legendary pilot of #unitedAIRLINES a few years back whe\xe2\x80\xa6 https://t.co/VwVtj2UL75'
2019-08-30 21:45:38,"b""Good news for Francophiles in New York, next summer you'll be able to fly directly to Nice with United.\xe2\x80\xa6 https://t.co/jkC35XPjsq"""
2019-08-30 21:45:00,b'#UnitedAirlines Holdings (UAL.O) said on Friday it is extending the cancellation of Boeing 737 MAX flights by anoth\xe2\x80\xa6 https://t.co/nMM8cTPuhA'
2019-08-30 21:40:27,b'@united United sent out email that it would change the flights for our itienary from SFO given the runway repairs a\xe2\x80\xa6 https://t.co/r3L1NbxQSF'
2019-08-30 21:00:13,b'@united fix your email and text notifications. I keep getting notifications that my flight to Nashville is boarding\xe2\x80\xa6 https://t.co/uv3AVDB9v4'
2019-08-30 20:57:24,"b""Didja know #UnitedAirlines' MileagePlus award miles will never expire? Use on flights, hotels, dining &amp; more!\xe2\x80\xa6 https://t.co/qqOV0fDzCq"""
2019-08-30 19:38:27,b'RT @shoestring911: #UnitedAirlines exercise held 12 days before 9/11 was so realistic that airline employees had to be reassured that the a\xe2\x80\xa6'
2019-08-30 19:38:23,b'RT @shoestring911: #UnitedAirlines exercise held 12 days before 9/11 was so realistic that airline employees had to be reassured that the a\xe2\x80\xa6'
2019-08-30 19:18:00,b'Loving the airport today!! Go Bears!! #bears #chicagobears #nfl #nfl100 #chicago #football #unitedairlines #united\xe2\x80\xa6 https://t.co/WL2YrOFvqa'
2019-08-30 19:13:45,b'Nothing better than your @united flight getting grounded from ORD to Hong Kong because of one crazy individual. Giv\xe2\x80\xa6 https://t.co/B61CEJdypp'
2019-08-30 19:07:11,b'Digital technology is changing the industry! United Airlines thinks so \xf0\x9f\xa4\x94\xf0\x9f\x91\xa8\xe2\x80\x8d\xf0\x9f\x92\xbb #technology #unitedairlines\xe2\x80\xa6 https://t.co/dqIbITbOmX'
2019-08-30 18:55:20,b'Tags: #unitedairlines #Boeing #737max #avgeeks #airlines #aviationdaily #airplane #aircraft #plane #planespotter\xe2\x80\xa6 https://t.co/uyxuZTgU6n'
2019-08-30 18:37:04,b'RT @sharanhilde: #unitedairlines we were just I formed that we are delayed until further notice as a flight attendant lost her mobile devic\xe2\x80\xa6'
2019-08-30 18:33:13,b'#unitedairlines we were just I formed that we are delayed until further notice as a flight attendant lost her mobil\xe2\x80\xa6 https://t.co/bkgMljkb1s'
2019-08-30 18:07:02,"b""Now your \xe2\x9c\x88\xef\xb8\x8f United MileagePlus miles don't expire https://t.co/fWQc0u4yMb\n\n@TravelLeisure #travel #UnitedAirlines\xe2\x80\xa6 https://t.co/acMdUwEWfq"""
2019-08-30 17:51:31,b'#UnitedAirlines Holdings said on Friday it is extending the cancellation of #Boeing737MAX flights by another month\xe2\x80\xa6 https://t.co/neW733fxlW'
2019-08-30 17:49:29,b'Florida crisis impacting #SFO #unitedAIRLINES 1848 can\xe2\x80\x99t get gate... 45 minutes waiting ...'
2019-08-30 17:47:48,b'#unitedAIRLINES flight 1848 still waiting for gate in SFO after 45 minutes. Crazy. https://t.co/IP6t4DJVw5'
2019-08-30 17:44:20,b'@Delta I work for #unitedairlines ticket counter I\xe2\x80\x99m trying to get an invite for an interview \xf0\x9f\x98\x98'
2019-08-30 17:39:02,b'#unitedAIRLINES flight 1848 at runway... waiting  30 minutes in SFO https://t.co/hYijjJJ57H'
2019-08-30 17:37:20,b'#unitedAIRLINES - SFO At standstill. On flight 1848 waiting more than 30 minutes for gate. #florida?'
2019-08-30 17:22:39,b'#unitedAIRLINES cousin stranded in fort Lauderdale airport trying to get home to Ireland only 20 years old staff no\xe2\x80\xa6 https://t.co/Kupbe5ZTF2'
2019-08-30 17:00:37,b'RT @Breaking24Seven: United Airlines removes B737 MAX from flights until December\n#unitedAIRLINES $UAL $B #boeing\nhttps://t.co/wEjMt9eslX'
2019-08-30 16:47:21,"b'RT @buckaplate: Just traveled overseas with United.  Compared to American Airlines, United is 5 stars better! Not 1 mis-step, not 1 late fl\xe2\x80\xa6'"
2019-08-30 16:45:00,b'United Airlines pulls Boeing 737 Max from schedules until Dec. 19 as cancellations pile up #UnitedAirlines #Boeing\xe2\x80\xa6 https://t.co/sZYfpE8frX'
2019-08-30 16:09:45,b'RT @Breaking24Seven: United Airlines removes B737 MAX from flights until December\n#unitedAIRLINES $UAL $B #boeing\nhttps://t.co/wEjMt9eslX'
2019-08-30 16:08:00,b'United Airlines removes B737 MAX from flights until December\n#unitedAIRLINES $UAL $B #boeing\nhttps://t.co/wEjMt9eslX'
2019-08-30 15:52:07,b'OUTSTANDING #CustomerService by @united #socialmedia team. Wouldn\xe2\x80\x99t be able to fly #UnitedAirlines without their he\xe2\x80\xa6 https://t.co/zTqTQF7iSc'
2019-08-30 15:43:58,"b""A boy with #autism wouldn't sit still on a #UnitedAirlines flight. So crew and passengers stepped in to help.\xe2\x80\xa6 https://t.co/QvXjbCfqZJ"""
2019-08-30 15:31:20,b'RT @shoestring911: #UnitedAirlines exercise held 12 days before 9/11 was so realistic that airline employees had to be reassured that the a\xe2\x80\xa6'
2019-08-30 15:26:40,b'Nightmare on United last week. Was stranded in another city and the @united  crew just left us there with no way ba\xe2\x80\xa6 https://t.co/KcXces6AnD'
2019-08-30 15:25:23,b'Nightmare on United last week. Was stranded in another city and the crew just left us there with no way back\xe2\x80\xa6 https://t.co/chfZL4iFkE'
2019-08-30 15:00:03,"b'Just traveled overseas with United.  Compared to American Airlines, United is 5 stars better! Not 1 mis-step, not 1\xe2\x80\xa6 https://t.co/ut8DXmwEbT'"
2019-08-30 14:47:18,b'#unitedairlines has had 3 delays this morning alone from mechanical issues #concernedpassenger #neverflyingunitedagain'
2019-08-30 14:37:18,b'RT @shoestring911: #UnitedAirlines exercise held 12 days before 9/11 was so realistic that airline employees had to be reassured that the a\xe2\x80\xa6'
2019-08-30 14:27:04,b'@emilia_suze Agreed! Well done #UnitedAirlines'
2019-08-30 14:24:54,b'RT @shoestring911: #UnitedAirlines exercise held 12 days before 9/11 was so realistic that airline employees had to be reassured that the a\xe2\x80\xa6'
2019-08-30 14:23:44,"b""RT @AIAA_UH: We also had a great time doing a rock, paper, scissors tournament! We're very excited for this semester and we look forward to\xe2\x80\xa6"""
2019-08-30 14:14:11,"b""RT @AIAA_UH: We also had a great time doing a rock, paper, scissors tournament! We're very excited for this semester and we look forward to\xe2\x80\xa6"""
2019-08-30 13:52:36,"b'@_eddie_rogers .@CarnivalCruise, the @united airlines of the seas... enjoy your vacation... because we know we will\xe2\x80\xa6 https://t.co/3PfxIaMERU'"
2019-08-30 13:33:12,b'just denied boarding to Mexico @UNITEDA1RLINES says Mexico requires a plastic green card  &amp; International coordinat\xe2\x80\xa6 https://t.co/jPpMjyDM7m'
2019-08-30 13:00:30,"b'In a move that (unsurprisingly) copies its rival, Delta, #unitedairlines announced that #mileageplus miles no longe\xe2\x80\xa6 https://t.co/VA1tJGlZax'"
2019-08-30 12:26:08,b'#UnitedAirlines is real trash this am.'
2019-08-30 11:24:26,"b'#United #Unitedairlines are you kidding me? Your #flightcrew provided first class service, yet you sully the experi\xe2\x80\xa6 https://t.co/9gJfmsNs7n'"
2019-08-30 10:49:43,b'This is a shit show. Could you not check your mechanical issues before the flight took off?\xe2\x80\xa6 https://t.co/3r1Z1wMBA1'
2019-08-30 10:19:25,"b'You can\xe2\x80\x99t order alcohol until 6 o\xe2\x80\x99clock, has to wait 13 mins to calm the nerves. Double fisting #partyplane\xe2\x80\xa6 https://t.co/8vzlTH1cKu'"
2019-08-30 08:04:12,b'#UnitedAirlines Launches Luxe-Focussed 767s to #Europe With More Business-Class Seats Than Economy\xe2\x80\xa6 https://t.co/OtWisBZLVg'
2019-08-30 07:38:12,b'RT @SPFZumwalt: Delighted that #UnitedAirlines will begin direct service between #IAD Washington DC- and #HanedaAirport next Spring.'
2019-08-30 07:21:22,b'RT @AndrewJOShaugh1: It is a much too complicated process to complain to @united who do not even have a category for complaint but rather \xe2\x80\x9c\xe2\x80\xa6'
2019-08-30 07:21:17,b'RT @AndrewJOShaugh1: #Luthansa #UnitedAirlines @united Arrived at Nuremberg airport to be told that my flight was canceled because I was \xe2\x80\x9ca\xe2\x80\xa6'
2019-08-30 07:06:33,b'RT @HeatherACody: @united That\xe2\x80\x99s a slow TAT! Especially considering I incurred extra costs. Legit bad experiences should be automatically a\xe2\x80\xa6'
2019-08-30 07:02:16,b'It is a much too complicated process to complain to @united who do not even have a category for complaint but rathe\xe2\x80\xa6 https://t.co/LcuIIDnspo'
2019-08-30 06:51:02,b'#Luthansa #UnitedAirlines @united Arrived at Nuremberg airport to be told that my flight was canceled because I was\xe2\x80\xa6 https://t.co/2FsUo4RQE2'
2019-08-30 06:00:22,"b'#UnitedAirlines flight UA350 MCI from ORD. Diverted to Wichita, KS due to bad weather. https://t.co/d5758EvgSg'"
2019-08-30 05:56:13,b'flight #UnitedAirlines UA350 Chicago to Kansas City diverted to Wichita due to bad weather.'
2019-08-30 05:49:05,b'True down to earth man! He did personalized speeches on our passengers phones! He was so nice to have taken the tim\xe2\x80\xa6 https://t.co/ucB5I4SSqH'
2019-08-30 05:40:15,b'Last time #UnitedAirlines departed on time was April 16th 2005. True Statement.'
2019-08-30 04:29:51,b'First US-Made Airbus A220 Now In Production in Alabama #airline #flights #UnitedAirlines https://t.co/sZTu9hsoHl'
2019-08-30 04:27:31,b'Untied Airlines #UnitedAirlines #deltaairlines #package #travel #flights #Ticket https://t.co/tFZBR76dgr'
2019-08-30 04:03:03,b'#UnitedAirlines never fly again with this company'
2019-08-30 03:44:31,"b""#unitedairlines thinks this is food. $8. I want my money back and maybe #unitedairlines wants it's dignity https://t.co/beBltwrEC1"""
2019-08-30 03:42:15,b'RT @PO70749689: @AmericanAir The WORST travel policy. I hope all of your customers can plan their vacations around a hurricane. I had to re\xe2\x80\xa6'
2019-08-30 03:41:46,"b'#unitedairlines #United I think you should pay ME $8 to eat this ""sandwich"" I\'m not fussy but this was foul. And u\xe2\x80\xa6 https://t.co/YgUaSRcvXU'"
2019-08-30 03:39:34,b'#UnitedAirlines you are the worst #NeverAgain'
2019-08-30 03:16:56,b'@AmericanAir The WORST travel policy. I hope all of your customers can plan their vacations around a hurricane. I h\xe2\x80\xa6 https://t.co/E8JeOjc3gB'
2019-08-30 03:13:38,b'Do NOT fly #americanarlines unless you can plan your vacation around a hurricane! Worst airline!!!! #unitedairlines\xe2\x80\xa6 https://t.co/xu5TiSRBOz'
2019-08-30 03:04:37,b'@united why have you changed so much? EVERY EFFING TIME I think you\xe2\x80\x99re gonna pull your shit together- you go and ou\xe2\x80\xa6 https://t.co/RKWZlu2Knd'
2019-08-30 02:57:21,b'#unitedairlines thanks for ending expiration dates for reward miles!'
2019-08-30 02:06:58,b'Cheapest Flight Tickets up to 50% discount #UnitedAirlines #packages #flights #airports https://t.co/dU6RWLGIXW 1-8\xe2\x80\xa6 https://t.co/NeonzhAouQ'
2019-08-30 02:06:24,b'Thanks #UnitedAirlines for being the worst part of our California holiday! \n#Discrimination &amp; more! https://t.co/7TkAzG17sF'
2019-08-30 01:50:42,"b""A boy with #autism wouldn't sit still on a #UnitedAirlines flight. So crew and passengers stepped in to help.\xe2\x80\xa6 https://t.co/SGuw0GOOjh"""
2019-08-30 01:39:28,"b""We also had a great time doing a rock, paper, scissors tournament! We're very excited for this semester and we look\xe2\x80\xa6 https://t.co/vwGU7pCMJH"""
2019-08-30 01:29:33,"b""\xe2\x80\x98He is a blessing': #UnitedAirlines crew, passengers befriend boy with #autism who didn't like seat https://t.co/csOqylKVzu"""
2019-08-30 01:22:50,b'If I had a bigger tush maybe the 7d seat wouldn\xe2\x80\x99t be a issue but I feel like I\xe2\x80\x99m sitting in the middle of a toilet\xe2\x80\xa6 https://t.co/BNFs06yLbf'
2019-08-30 01:21:10,"b'This is heartwarming \xe2\x9d\xa4\xef\xb8\x8f Kudos to #UnitedAirlines, their crew, and some really nice passengers. https://t.co/xnraKd8oAZ'"
2019-08-30 01:14:41,b'#UnitedAirlines no.750 bound to #SanDiego from #sanFransico broke down in SF and we have been waiting for 2 hours a\xe2\x80\xa6 https://t.co/ldJ7cxDsKz'
2019-08-30 01:11:04,b'#UnitedAirlines \nYou seriously need to improve your customer service. \n- stop discrimination. \n- start respecting m\xe2\x80\xa6 https://t.co/c5hwkIWEq3'
2019-08-30 00:59:36,b'Never thought I\xe2\x80\x99d travel enough to hit top #UnitedAirlines status. This job\xe2\x80\x99s taken me everywhere. Hope to get all\xe2\x80\xa6 https://t.co/uo4SnI3bVg'
2019-08-30 00:53:12,"b'And with that marathon, just hit #UnitedAirlines Premier 1K status! Was only Premier Gold at the beginning of this trip.'"
2019-08-30 00:46:51,b'THAT PILOT HAS 14 MINUTES TO PARALLEL PARK A JET WHILE KEEPING THE MAINTENANCE GUY VERY VERY FUCKING FAR AWAY FROM\xe2\x80\xa6 https://t.co/UIW8OmxeNq'
2019-08-30 00:43:10,b'FUN REMINDER HULK SOME WEIRD FIRM OF DIABETIC THAT IS DEFINATELY TIED TO EMOTIONS.. HULK IS ROCKING HIGH NUMBERS RIGHT NOW #UnitedAirlines'
2019-08-30 00:33:17,"b'AND NOW HULK HERE UNTIL AT LEAST 930,  THIS IS THE ABSOLUTE WORST TRIP IN HULK LIFE #UnitedAirlines, UR NOT A PLANE\xe2\x80\xa6 https://t.co/KU7kiJO56x'"
2019-08-30 00:22:54,"b""AND THEY FOUND A PLANE A GAME DEV HASN'T FONDLED YET... ANOTHER 4 HOURS TILL I'M FUCKING HOME #UnitedAirlines"""
2019-08-30 00:15:57,"b'#UnitedAirlines blaming their late flights already on weather in Florida ...newsflash , the storm isn\xe2\x80\x99t there till\xe2\x80\xa6 https://t.co/xsJbEnVtie'"
2019-08-30 00:14:47,b'@andypuddicombe @Headspace I just LOVE LOVE LOVE your APP #headspace and your voice consistently puts me into a res\xe2\x80\xa6 https://t.co/2EvPFL4WGU'
2019-08-30 00:09:45,b'THAT AND CALLING ICE! ESPECIALLY THAT LAST ONE! #UnitedAirlines'
2019-08-30 00:08:56,"b""REMEMBER KIDS, FRIENDS DON'T LET FRIENDS FUCK JET ENGINES #UnitedAirlines"""
2019-08-30 00:07:14,b'Attention all! @united is taking advantage of those who want to be safe and fly home early to avoid this hurricane!\xe2\x80\xa6 https://t.co/7Xjo6pjqNA'
2019-08-30 00:02:47,"b""NOW THERE'S SOME MECHANICAL PART IN THE PLANE BROKEN AND THEIR HOPING TO FIND ANOTHER PLANE THE MAINTENANCE GUY HAS\xe2\x80\xa6 https://t.co/GcTwauf8Uh"""
2019-08-30 00:01:00,"b'Flew with #UnitedAirlines, highly recommend, they have amazing offers \xe2\x9c\x88\xef\xb8\x8f . So finally again in the Land of The Free\xe2\x80\xa6 https://t.co/g6nTW0px1Z'"
2019-08-30 00:00:04,"b'RT @HULKGAMECRIT: OMG... DELAYED AGAIN... DID THE MAINTENANCE GET HIS DICK STUCK IN JET ENGINE? OMFG, IT JUST DELAYED AGAIN, WHOEVER IS IN\xe2\x80\xa6'"
2019-08-29 23:53:27,"b'OMG... DELAYED AGAIN... DID THE MAINTENANCE GET HIS DICK STUCK IN JET ENGINE? OMFG, IT JUST DELAYED AGAIN, WHOEVER\xe2\x80\xa6 https://t.co/d3oU7qUGH6'"
2019-08-29 23:45:31,"b'MY LOYAL MINION DESERVES BETTER, @united !! YOU WILL OBEY! COMPLY! \n\n#UnitedAirlines https://t.co/0KJf2x6Ad2'"
2019-08-29 23:30:44,b'RT @shoestring911: #UnitedAirlines exercise held 12 days before 9/11 was so realistic that airline employees had to be reassured that the a\xe2\x80\xa6'
2019-08-29 23:26:44,"b'12 HOURS HULK HAS BEEN TRAPPED IN AIRPORTS, TWO DIFFERENT OS ISSUES MAINTENANCE CANT FUCKING FIX, TWO FIGHTS, ONE W\xe2\x80\xa6 https://t.co/Znm2exKbZw'"
2019-08-29 23:22:52,"b'HURRICANE DORIAN IS NOWHERE NEAR FL, THE REASON WHY #UnitedAirlines IS FUCKED RIGHT NOW IS THEIR OWN WILD INCOMPETE\xe2\x80\xa6 https://t.co/yJTsDJhdGP'"
2019-08-29 23:12:16,"b'OH GREAT! NOW A FIGHT BROKE OUT!.... AND HERE COMES MORE COPS, GREAT GREAT GREAT GREAT TAERG! #UnitedAirlines'"
2019-08-29 23:10:40,"b'After flying #ANAairlines back-to-back with #UnitedAirlines long-haul, I see why people like ANA angle flat seats.\xe2\x80\xa6 https://t.co/jcBzEYQbJq'"
2019-08-29 23:10:12,"b'AND NOW ICE SHOWED UP, WHO ELSE WANTS TO FUCK THIS PLANE? WE CAN FIND SOME ROOM! AFTER ALL THE MAINTENANCE GUY IS S\xe2\x80\xa6 https://t.co/P2ohJU2mZL'"
2019-08-29 23:09:15,"b'Wow! This is awesome! Bless you, #UnitedAirlines and passengers! &lt;3 Autistic boy, 4, suffers tantrum on United flig\xe2\x80\xa6 https://t.co/bti5faJCSp'"
2019-08-29 23:06:29,"b'Last #UnitedAirlines flight on an ERJ-135, so no First Class \xf0\x9f\x98\xad https://t.co/tPG9f6n19f'"
2019-08-29 22:59:10,b'Hi #UnitedAirlines - another flight (1444) in Chicago where we just sit and bake in sun while the pilot has the AC at 86 degrees.'
2019-08-29 22:53:01,b'RT @shoestring911: #UnitedAirlines exercise held 12 days before 9/11 was so realistic that airline employees had to be reassured that the a\xe2\x80\xa6'
2019-08-29 22:41:50,b'Watching this video of a boy with autism being treated in the way that he needed while on a flight made our hearts\xe2\x80\xa6 https://t.co/P69BITqUbG'
2019-08-29 22:35:35,"b'WHO THE HELL IS RUNNING THIS AIRPORT? THIS IS HOUR 8, HULK NOT EVEN KNOW HOW LONG JET WAS SITTING THERE SINCE HULK\xe2\x80\xa6 https://t.co/IHpmJIISKE'"
2019-08-29 22:34:39,b'RT @TrishLilley1: .@AmericanAir Way To upgrade me then take my seat away! Bring it on @UNITEDA1RLINES I\xe2\x80\x99m all yours #americanairsucks #Amer\xe2\x80\xa6'
2019-08-29 22:32:58,"b'OMG, THE PILOT SHOWED UP, TOOK ONE LOOK AT THE PLANE, THEN SAID ""MAINTENANCE"".. HULK IS NEVER LEAVING NYC #UnitedAirlines'"
2019-08-29 22:30:13,"b'#UnitedAirlines #PolarisLounge was absolutely packed, but the staff was working like crazy to accommodate all passe\xe2\x80\xa6 https://t.co/r51NK2Mjlw'"
2019-08-29 22:26:51,b'Best Things To Do In #GrandCanyon With United Airlines Reservations. Check out the list here:\xe2\x80\xa6 https://t.co/HT5Qcrx2lQ'
2019-08-29 22:24:36,"b""The captain on #UnitedAirlines UA4941 just gave the most entertaining captain welcome I've ever heard.  We need more like him flying."""
2019-08-29 22:24:25,b'WHOEVER IS HOLDING THE PILOT HOSTAGE HAD BETTER HAVE A DAMN GOOD STORY AND THAT STORY HAD BETTER INCLUDE THE 76TH G\xe2\x80\xa6 https://t.co/uS13tmlDFF'
2019-08-29 22:18:42,b'Great news for #UnitedAirlines Travelers @United miles will never expire! #travel #flying #aspenplaybooktravels https://t.co/Uq2MOyu1I9'
2019-08-29 22:08:49,b'RT @TrishLilley1: .@AmericanAir Way To upgrade me then take my seat away! Bring it on @UNITEDA1RLINES I\xe2\x80\x99m all yours #americanairsucks #Amer\xe2\x80\xa6'
2019-08-29 21:48:10,"b'Hey #UnitedAirlines, do you always pull the air cart away from flights that are delayed, leaving the passengers to\xe2\x80\xa6 https://t.co/euhCBdML52'"
2019-08-29 21:39:30,b'RT @shoestring911: #UnitedAirlines exercise held 12 days before 9/11 was so realistic that airline employees had to be reassured that the a\xe2\x80\xa6'
2019-08-29 21:18:09,b'Didn\xe2\x80\x99t get Pre-Check for some reason. Have to queue with Premier Access for the first time #UnitedAirlines https://t.co/qeGbyZWp5k'
2019-08-29 21:07:09,b'.@AmericanAir Way To upgrade me then take my seat away! Bring it on @UNITEDA1RLINES I\xe2\x80\x99m all yours #americanairsucks\xe2\x80\xa6 https://t.co/VoyF1WUyIr'
2019-08-29 21:02:39,"b'RT @av1ation1: \xf0\x9f\x8c\x85\xf0\x9f\x87\xba\xf0\x9f\x87\xb8 @united @Boeing #B777 seen here at sunset, taxiing to \xf0\x9f\x9b\xab RWY 09R @HeathrowAirport - #Heathrow #HeathrowAirport #London #L\xe2\x80\xa6'"
2019-08-29 20:44:37,b'Guess my bag is HOT #UnitedAirlines #ANAairlines https://t.co/qfltPHCHu4'
2019-08-29 20:38:31,b'Beautiful afternoon! #UnitedAirlines https://t.co/uu5RyqPlwx'
2019-08-29 20:37:56,b'Amazing documentary #Chernobyl. So good I watched it twice. Once outbound and once inbound! #UnitedAirlines https://t.co/gn2gO4h1Ce'
2019-08-29 20:29:49,b'Always find the shoulder strap uncomfortable #UnitedAirlines #PolarisBusiness https://t.co/sqOSxZ6oc3'
2019-08-29 20:29:44,b'My little bed #UnitedAirlines #PolarisBusiness https://t.co/vJWf2wrbDg'
2019-08-29 20:29:36,b'Delicious food #UnitedAirlines #PolarisBusiness https://t.co/WLNjX0q9sP'
2019-08-29 20:22:59,b'Shout out to #unitedairlines representative Catherine at MSN... when delay of UA MSN-ORD flight forced a misconnect\xe2\x80\xa6 https://t.co/EBX5q4ZJ27'
2019-08-29 20:04:17,"b'I have the worst time sleeping, but put me in first class on @united and I\xe2\x80\x99m out cold before takeoff #UnitedAirlines #upgraded #status'"
2019-08-29 19:53:06,b'RT @shoestring911: #UnitedAirlines exercise held 12 days before 9/11 was so realistic that airline employees had to be reassured that the a\xe2\x80\xa6'
2019-08-29 19:26:48,b'If #UnitedAirlines was a person I\xe2\x80\x99d strangle it to death without an ounce of remorse.'
2019-08-29 18:25:03,b'RT @shoestring911: #UnitedAirlines exercise held 12 days before 9/11 was so realistic that airline employees had to be reassured that the a\xe2\x80\xa6'
2019-08-29 18:05:15,b'An @united @Airbus A320-232 [#N493UA] landing on 18R at Dallas/Fort Worth International Airport (@DFWAirport) on Ju\xe2\x80\xa6 https://t.co/uqYob0kT5F'
2019-08-29 17:52:14,b'@MisterCommodity My caller ID said it was #UnitedAirlines  so I picked up. Wish I didn\xe2\x80\x99t'
2019-08-29 17:20:13,"b""#UnitedAirlines just announced that their MileagePlus program has removed the expiration date! That's right - your\xe2\x80\xa6 https://t.co/OtmyTJwcVW"""
2019-08-29 17:07:42,"b'@StrahanSaraKeke Sorry to bring down a \xe2\x80\x9cfeel good\xe2\x80\x9d story about #UnitedAirlines and the little kid who kicks, but I\xe2\x80\xa6 https://t.co/4hj6IwUPam'"
2019-08-29 17:06:03,"b""[#UnitedAirlines] #Frequentflyer miles will no longer expire | C'mon,  #AmericanAir! https://t.co/ahdKW8z5Xk"""
2019-08-29 17:05:30,"b""[#UnitedAirlines] #Frequentflyer miles will no longer expire | C'mon,  https://t.co/ahdKW8z5Xk"""
2019-08-29 16:56:19,"b'Mom thanks passengers, crew who helped son with autism on tough flight https://t.co/i892IgQfLe\n#Compassion\xe2\x80\xa6 https://t.co/9cNe9buidf'"
2019-08-29 16:50:54,b'Finally captured the pentagon from a plane. \xf0\x9f\x98\x81. #washingtondc #airplanepics #airplanewindow #airplanewindowseat\xe2\x80\xa6 https://t.co/2YSHFs9Xmz'
2019-08-29 16:21:34,b'RT @MelissaTimotic: New signage for football season!  \xf0\x9f\x8f\x88 Bear down! #chicagobears #bears #united #unitedairlines @united #chicago https://t.\xe2\x80\xa6'
2019-08-29 16:06:56,b'New signage for football season!  \xf0\x9f\x8f\x88 Bear down! #chicagobears #bears #united #unitedairlines @united #chicago https://t.co/E9fOlrTE8e'
2019-08-29 15:08:02,"b""Inside @united's hidden, \xf0\x9f\x92\x8c invitation-only restaurant at \xe2\x9c\x88\xef\xb8\x8f Newark Airport: https://t.co/PYQ7d9TG6C\n\n@ForbesLife\xe2\x80\xa6 https://t.co/HJdbOC6Dha"""
2019-08-29 15:05:27,b'RT @shoestring911: #UnitedAirlines exercise held 12 days before 9/11 was so realistic that airline employees had to be reassured that the a\xe2\x80\xa6'
2019-08-29 14:59:16,b'RT @TobysAviation: Tags: #unitedairlines #Boeing #737max #avgeeks #airlines #aviationdaily #airplane #aircraft #plane #planespotter #planes\xe2\x80\xa6'
2019-08-29 14:45:18,b'RT @shoestring911: #UnitedAirlines exercise held 12 days before 9/11 was so realistic that airline employees had to be reassured that the a\xe2\x80\xa6'
2019-08-29 14:28:57,b'Good thing I didn\xe2\x80\x99t just book a trip to preserve my miles last week or anything. I\xe2\x80\x99m guessing this will mean an inc\xe2\x80\xa6 https://t.co/es6WXBnXpC'
2019-08-29 14:24:59,"b""Working the early morning shift DOES have its' perks!\n\n@flypdx @weareunited #pdx #pdxairport #beingunited\xe2\x80\xa6 https://t.co/ULSfrMWV2v"""
2019-08-29 14:09:41,b'@united Because of your lack of courtesy and help for this situation. You have lost 3 separate Premier 1K members a\xe2\x80\xa6 https://t.co/NZ2Kz64H3R'
2019-08-29 14:05:29,b'RT @shoestring911: #UnitedAirlines exercise held 12 days before 9/11 was so realistic that airline employees had to be reassured that the a\xe2\x80\xa6'
2019-08-29 14:05:05,b'#UnitedAirlines exercise held 12 days before 9/11 was so realistic that airline employees had to be reassured that\xe2\x80\xa6 https://t.co/qxsh2DBlmt'
2019-08-29 14:04:49,b'@united Your customer care team / supervisor has not responded to me yet. It has been 2 months since I filed a clai\xe2\x80\xa6 https://t.co/Nl0qc95yCb'
2019-08-29 13:58:21,"b'Eager for an early flight home today after a tiring work week, but #UnitedAirlines never fails to disappoint...\nAnd\xe2\x80\xa6 https://t.co/vXeKZT0pNg'"
2019-08-29 13:52:22,b'#UnitedAirlines there was a time when people woke up at 4:30 am to catch the first flight because it was always on\xe2\x80\xa6 https://t.co/AFViQNgiWm'
2019-08-29 13:51:22,b'Great news from @United! It\xe2\x80\x99s your turn now @AmericanAir! \xe2\x9c\x88\xef\xb8\x8f\xf0\x9f\x87\xba\xf0\x9f\x87\xb8 #travel #frequentflyer #airlinemiles #UnitedAirlines\xe2\x80\xa6 https://t.co/d9glmsRgn7'
2019-08-29 13:40:38,"b'Flight delayed last night until 11am today. #UnitedAirlines has been good about it, but I wish I could use my $10 v\xe2\x80\xa6 https://t.co/p9JlMtD7nS'"
2019-08-29 13:30:08,"b'Joining the ranks of @Delta and @JetBlue, @united has announced the miles from their MileagePlus program will no lo\xe2\x80\xa6 https://t.co/49Pq2a9kvP'"
2019-08-29 12:53:10,b'@united it\xe2\x80\x99s been over a month and you haven\xe2\x80\x99t responded to my complaint. My case number 22602280. In July I had a\xe2\x80\xa6 https://t.co/0lCqvsMe4D'
2019-08-29 12:05:29,"b'Good news! United Mileage Plus miles will no longer expire! You do still need to monitor your Southwest, American,\xe2\x80\xa6 https://t.co/x5FavWEm6N'"
2019-08-29 11:54:39,"b""#UnitedAirlines \nBravo to this flight crew! This is why I fly United.\nA boy with autism wouldn't sit still on a fli\xe2\x80\xa6 https://t.co/7BA7mTrTKH"""
2019-08-29 11:44:19,b'@united you can do better! @ the United Club @fly2ohare Terminal 1 C gates. Employees said Oatmeal and Hot dish not\xe2\x80\xa6 https://t.co/49Vb7LLj10'
2019-08-29 11:37:54,b'Final Bag update @United -finally got my checked bag back  1am last night-not bad only11 nights since checked in on\xe2\x80\xa6 https://t.co/pBBFvmpsgj'
2019-08-29 11:18:19,"b""\xe2\x9d\xa4\xef\xb8\x8fThis \xe2\x9d\xa4\xef\xb8\x8f #kindnessmatters #unitedairlines #autism                              A boy with autism wouldn't sit stil\xe2\x80\xa6 https://t.co/zLxndI6mxr"""
2019-08-29 10:53:07,b'#UnitedAirlines\n#UnitedAirlinesFlights\n#UnitedAirlinesReservations\n#UnitedflightsReservations\n\nThe Help of Concierg\xe2\x80\xa6 https://t.co/1zrZQB2CBk'
2019-08-29 10:52:07,b'RT @ii_m_me: So finally after an over 25 hour journey trying to get home from MULTIPLE cancelled and delayed flights on @united #unitedairl\xe2\x80\xa6'
2019-08-29 10:49:12,b'@united YES THEY WERE INFORMED. #SickPassengers #DisgustingFlights #UnitedAirlines'
2019-08-29 10:45:11,"b'RIP, Captain \n#UnitedAirlines #UA232 #CaptainHaynes #CaptainAlHaynes #Hero https://t.co/YATazhL05Q'"
2019-08-29 10:40:30,b'So finally after an over 25 hour journey trying to get home from MULTIPLE cancelled and delayed flights on @united\xe2\x80\xa6 https://t.co/b9086Wjl5H'
2019-08-29 08:59:53,b'Tags: #unitedairlines #Boeing #737max #avgeeks #airlines #aviationdaily #airplane #aircraft #plane #planespotter\xe2\x80\xa6 https://t.co/8rwg5YRK06'
2019-08-29 07:56:57,b'#UnitedAirlines to send its #Boeing737MAX aircraft to storage\nhttps://t.co/hBYKKPkK1P\n\n#CrewNews #aviation\xe2\x80\xa6 https://t.co/jz6nMaZnRY'
2019-08-29 07:56:28,b'11:32 \xe2\x80\x9cfun-filled minutes\xe2\x80\x9d -Captain Miller #UnitedAirlines'
2019-08-29 07:51:32,b'#UnitedAirlines rolls out miles that don\xe2\x80\x99t expire in a move to please customers\nhttps://t.co/mXdFXZ4eci\n\n#CrewNews\xe2\x80\xa6 https://t.co/IGJDrmu38e'
2019-08-29 07:50:10,"b'You know you fly on #UnitedAirlines too much when you recognize the pilot, Captain Miller. https://t.co/OQUVCreYer'"
2019-08-29 07:38:26,b'I may want to check out #UnitedAirlines #PremiumPlus on another flight. I love them catering to people and business\xe2\x80\xa6 https://t.co/inJLae68DE'
2019-08-29 07:34:45,b'The blue trim on #UnitedAirlines #PolarisBusiness suites really sets the appearance apart from other carriers.'
2019-08-29 07:33:02,b'Delicious champagne pre-departure beverage in real glass #UnitedAirlines #polaris https://t.co/AqrkVGE9MX'
2019-08-29 07:30:07,b'My \xe2\x80\x9cwindow\xe2\x80\x9d seat #UnitedAirlines #PolarisBusiness https://t.co/UlwuXcRwFj'
2019-08-29 07:29:11,b'#UnitedAirlines has the absolute BEST bedding around #SacksFifthAvenue https://t.co/na9M2XpxxW'
2019-08-29 07:05:14,b'Feel like I\xe2\x80\x99m in the US with all these #UnitedAirlines aircraft. https://t.co/SKJaJpkZhT'
2019-08-29 06:46:43,b'Called @United yesterday &amp;an agent rescheduled my flight to aug 29 and was given a confirmation number. But today I\xe2\x80\xa6 https://t.co/xKvWu9tKHP'
2019-08-29 06:00:06,b'@united My family and I were all #stranded last night in #LAX due to a mechanical problem with one of your planes.\xe2\x80\xa6 https://t.co/N50HkEnOjN'
2019-08-29 04:29:24,b'Tonight I ended my next all travel and tours with @united #UnitedAirlines . This is like 4th time in last 2 yrs. Fi\xe2\x80\xa6 https://t.co/b8eedCQukD'
2019-08-29 04:16:56,b'@united And finally we reached at Richmond with our luggage received like this - what is wrong with you\xe2\x80\xa6 https://t.co/A168oJGHPQ'
2019-08-29 04:12:14,b'@united So does this mean I\xe2\x80\x99ll get back all the expired miles from before? Because that would be hella useful. Aski\xe2\x80\xa6 https://t.co/ME6VfM0dp6'
2019-08-29 04:00:10,b'@RachelRRomeo I was telling my wife about a #UnitedAirlines flight and them I read this amazing story. Seems you ar\xe2\x80\xa6 https://t.co/JSXMpkVhEg'
2019-08-29 03:55:57,b'RT @AviationFigures: Braysen is a 4-year-old autistic boy who usually loves to fly. But he had a meltdown on a #UnitedAirlines flight from\xe2\x80\xa6'
2019-08-29 03:45:53,b'Braysen is a 4-year-old autistic boy who usually loves to fly. But he had a meltdown on a #UnitedAirlines flight fr\xe2\x80\xa6 https://t.co/T6RtVmVrrO'
2019-08-29 02:26:29,"b'@united Yes I have. Many times. In fact, in the first three days it has cost me \xc2\xa3200 in calling you, still to no re\xe2\x80\xa6 https://t.co/XBcDN9BR5Z'"
2019-08-29 02:25:12,b'Breaking News: United Made a Positive Change to Its MileagePlus Program - https://t.co/6mZUSeofz9 - #MilesPoints\xe2\x80\xa6 https://t.co/fnsxYLz3cm'
2019-08-29 02:22:12,b'RT @XavierHeim1: Beautiful #sunset with an equally beautiful #UnitedAirlines tail at #Manchester airport. \n#aviation #United https://t.co/5\xe2\x80\xa6'
2019-08-29 02:10:22,b'Continuing my series of \xe2\x80\x9cis this airplane food edible?\xe2\x80\x9d Today\xe2\x80\x99s dinner options in United First. Verdict: I\xe2\x80\x99ve had w\xe2\x80\xa6 https://t.co/UT2YtNlNqQ'
2019-08-29 02:00:59,"b""RT @vallicat143: Kudos to #UnitedAirlines \xf0\x9f\x91\x8f\xf0\x9f\x8f\xbc\xf0\x9f\x91\x8f\xf0\x9f\x8f\xbc #AutismAwareness #autismacceptance\nA boy with autism wouldn't sit still on a United Airlines\xe2\x80\xa6"""
2019-08-29 02:00:49,b'Beautiful #sunset with an equally beautiful #UnitedAirlines tail at #Manchester airport. \n#aviation #United https://t.co/5FuMDuKJmC'
2019-08-29 01:51:41,b'@united I have been in The USA for 6 days on an 8 day trip. Still no bags to specified address but apparently they\xe2\x80\xa6 https://t.co/xWpvJQTehS'
2019-08-29 01:50:39,"b""Kudos to #UnitedAirlines \xf0\x9f\x91\x8f\xf0\x9f\x8f\xbc\xf0\x9f\x91\x8f\xf0\x9f\x8f\xbc #AutismAwareness #autismacceptance\nA boy with autism wouldn't sit still on a United A\xe2\x80\xa6 https://t.co/cNSC5QJ9Bo"""
2019-08-29 01:33:17,b'RT @SHFan1985: Thank you to #UnitedAirlines @united &amp; crew &amp; co-passengers0. The struggle is real for those of us who have #Autistic family\xe2\x80\xa6'
2019-08-29 01:31:07,b'Thank you to #UnitedAirlines @united &amp; crew &amp; co-passengers0. The struggle is real for those of us who have\xe2\x80\xa6 https://t.co/n6gWPLwMnx'
2019-08-29 01:29:58,b'WOW! United Airlines announced accumulated miles on their Frequent Flyer program Mileage Plus accounts will NEVER E\xe2\x80\xa6 https://t.co/yS6qmHHNju'
2019-08-29 01:25:44,"b'Thanks #UnitedAirlines for being the worst part of our Tahiti holiday! First double charged for change fee, then yo\xe2\x80\xa6 https://t.co/fVkKRbVJdI'"
2019-08-29 00:24:03,b'As a mom of a son w #specialneeds this article brought tears to my eyes. Thank you #UnitedAirlines for a good story\xe2\x80\xa6 https://t.co/uta8P3xwVk'
2019-08-29 00:19:08,b'Here we go again. Just never let us go home. I wish I can reach Richmond tonight. Highly doubt though. @united\xe2\x80\xa6 https://t.co/4nXgSxe9om'
2019-08-29 00:04:41,"b'I love this story, Braysen and his parents. Great job #UnitedAirlines crew and passengers. Our kids should always b\xe2\x80\xa6 https://t.co/b6jrU6ih2N'"
2019-08-29 00:01:02,"b""Great story, kudos to #unitedairlines \nA boy with autism wouldn't sit still on a United Airlines flight. So crew an\xe2\x80\xa6 https://t.co/y9hm5RjVsO"""
2019-08-28 23:59:39,"b""\xe2\x81\xa6@united\xe2\x81\xa9 \xf0\x9f\x91\x8d #UnitedAirlines Crew did amazing job! \xe2\xad\x90\xef\xb8\x8f\xe2\xad\x90\xef\xb8\x8f\xe2\xad\x90\xef\xb8\x8f\xe2\xad\x90\xef\xb8\x8f Boy with autism wouldn't sit still on a United Airlines\xe2\x80\xa6 https://t.co/SahwwdsKRD"""
2019-08-28 23:52:07,b'RT @MazumdarAvi: #UnitedAirlines Just after 1 day of delyed and cancelled flight - DELAY again UA 450 from Chicago to Richmond. You guys ju\xe2\x80\xa6'
2019-08-28 23:43:28,b'#UnitedAirlines Just after 1 day of delyed and cancelled flight - DELAY again UA 450 from Chicago to Richmond. You\xe2\x80\xa6 https://t.co/rsL0fiAxLT'
2019-08-28 23:23:19,b'\xf0\x9f\x9a\xa8Deport this disgusting/sick/perverted Malaysian back to his ISIS Malaysia NOW ! \xf0\x9f\x9a\xa8\n\n\xf0\x9f\x91\x89Malaysian pleads guilty to pla\xe2\x80\xa6 https://t.co/MmMcT2em3M'
2019-08-28 23:22:48,"b'Wish #ANAairlines would invest in better bedding, like #UnitedAirlines #SacksFifthAvenue. Premium cabin demands a premium experience!'"
2019-08-28 23:12:11,b'Japanese promptness: #Dreamliner on #ANAairlines boarded in 20 minutes. #UnitedAirlines allocates 45 minutes for the same aircraft!'
2019-08-28 23:06:19,b'Cheap plastic for pre-departure beverage. Almost as bad as #UnitedAirlines blue plastic cups. #ANAairlines https://t.co/9hVpRpkUIt'
2019-08-28 22:53:07,b'@toiglich @united They\xe2\x80\x99re  unreal! I\xe2\x80\x99m gonna day it so much that people are going to stop using #unitedAIRLINES'
2019-08-28 22:47:22,"b'\xf0\x9f\x8c\x85\xf0\x9f\x87\xba\xf0\x9f\x87\xb8 @united @Boeing #B777 seen here at sunset, taxiing to \xf0\x9f\x9b\xab RWY 09R @HeathrowAirport - #Heathrow #HeathrowAirport\xe2\x80\xa6 https://t.co/hWpnpkLllm'"
2019-08-28 22:45:56,b'RT @bizrpt: United Airlines frequent flyer miles will no longer expire #UnitedAirlines #frequentflyermiles \n@lesliejosephs\nhttps://t.co/wyg\xe2\x80\xa6'
2019-08-28 22:39:49,"b'#Frankfurt, #Brussels and #Munich are the initial destinations,according to communications with the pilot union.\xe2\x80\xa6 https://t.co/Zts3Hvlv0P'"
2019-08-28 22:17:05,"b""Now @united comes up with 'No Miles Expiration' after confiscating my miles. I'll continue to fly elsewhere.\xe2\x80\xa6 https://t.co/xSrMAtE8Zo"""
2019-08-28 22:13:00,b'United Airlines frequent flyer miles will no longer expire #UnitedAirlines #frequentflyermiles \n@lesliejosephs\xe2\x80\xa6 https://t.co/vgPqdiL9V9'
2019-08-28 22:12:19,b'.@united waiving change fees for for almost 3 weeks (!) on #flights into @flySFO \xe2\x80\x94 #seprember could be a rough mont\xe2\x80\xa6 https://t.co/124UtEhTDy'
2019-08-28 22:04:25,"b""Don't miss our meeting tonight Alvaro Ibarra!! Come and learn about  what it is like to work with United and Aircra\xe2\x80\xa6 https://t.co/L6uOITIJmp"""
2019-08-28 22:03:12,b'Check out a new item on our website covering; #AroundTheRegion #SeasonalFlights #SouthBendAirport\xe2\x80\xa6 https://t.co/5Wn7VpYdlb'
2019-08-28 21:35:40,b'Effective immediately - @united #MileagePlus miles never expire. This is great news for the in-frequent United pass\xe2\x80\xa6 https://t.co/xs4oRYnzGN'
2019-08-28 21:09:03,"b'#UnitedAirlines loyalty miles will no longer expire, reports #TanyaGazdik https://t.co/woimmSIZfy https://t.co/Incmfuz1dt'"
2019-08-28 20:54:42,b'RT @mqconk: #UnitedAirlines showed real heart &amp; a lot of class. https://t.co/0mtC5jAMks'
2019-08-28 20:51:29,b'#UnitedAirlines showed real heart &amp; a lot of class. https://t.co/0mtC5jAMks'
2019-08-28 20:42:28,b'.@united announces that #frequentflyer #miles will never expire: https://t.co/cUKW27yDhr via @AFARmedia #airlines\xe2\x80\xa6 https://t.co/pHAw5WweLT'
2019-08-28 20:29:02,b'Great news from @united via email just now - miles never expire! But...does that mean we get back miles that have a\xe2\x80\xa6 https://t.co/Fdw9mYvkZ1'
2019-08-28 19:29:28,"b'Hey #UnitedAirlines fuck youuuuuuuuu AND the godawful customer service and hidden costs you rode in on, I will neve\xe2\x80\xa6 https://t.co/TMmCfNnIkG'"
2019-08-28 19:26:48,b'RT @MajicallyNews: FEELING UNITED: One mom from Texas is praising a United Airlines crew and its passengers who helped her four-year-old so\xe2\x80\xa6'
2019-08-28 18:05:18,b'An @united @Airbus A320-232 [#N449UA] landing on 18R at Dallas/Fort Worth International Airport (@DFWAirport) on Ju\xe2\x80\xa6 https://t.co/50lDMaHkyq'
2019-08-28 17:38:09,"b""A boy with #autism wouldn't sit still on a #UnitedAirlines flight. So #crew and #passengers stepped in to help his\xe2\x80\xa6 https://t.co/L0Ok6STWGv"""
2019-08-28 17:29:58,"b'#UnitedAirlines\xc2\xa0is starting to move its 14 #Boeing737MAX jets to short-term storage in Phoenix, Arizona, which has\xe2\x80\xa6 https://t.co/AGlxlH5VpD'"
2019-08-28 17:23:00,"b'@UNITEDA1RLINES President, Scott Kirby says it\'s important to partner w/ ""respected organizations like\xe2\x80\xa6 https://t.co/OFSc9YrANb'"
2019-08-28 16:51:29,"b'When, oh when, will United (and other airlines I\xe2\x80\x99m sure) start making passengers in 1st class put briefcases/backpa\xe2\x80\xa6 https://t.co/0hvq25Gzht'"
2019-08-28 16:42:46,b'1st day at Soccer Practice for the @united inter league games coming up rough first day lol great sweat cant wait t\xe2\x80\xa6 https://t.co/1cp2xmQbre'
2019-08-28 16:13:15,"b'@UNITEDA1RLINES @0scarMunozUA @nidhipy Last time I checked USA is still a democracy and people can use word like ""O\xe2\x80\xa6 https://t.co/75gPc2Xdhr'"
2019-08-28 15:58:03,"b'$649 &amp; up -- Fly to India Aboard United Airlines, Roundtrip https://t.co/G9DW0XZaLy #UnitedAirlines #Mumbai https://t.co/2RPCYp6Dg3'"
2019-08-28 15:55:55,b'RT @MajicallyNews: FEELING UNITED: One mom from Texas is praising a United Airlines crew and its passengers who helped her four-year-old so\xe2\x80\xa6'
2019-08-28 15:45:28,b'Ready for takeoff \xf0\x9f\x9b\xab - Aloha \xf0\x9f\x8c\xb4\n\n#Hawaii #unitedairlines #777 #mauijims #flyfirstclass #LOA #lifebydesign #flyinstyle\xe2\x80\xa6 https://t.co/C13gFSf16V'
2019-08-28 15:38:16,b'Missed the opportunity to upgrade status with #AmericanAirlines this year as it was in an email box I rarely open.\xe2\x80\xa6 https://t.co/m1DtbYJtRz'
2019-08-28 15:28:48,b'FEELING UNITED: One mom from Texas is praising a United Airlines crew and its passengers who helped her four-year-o\xe2\x80\xa6 https://t.co/kPqTSXK1ok'
2019-08-28 15:28:40,"b""Special thank you to the crew of UA 5914 for making this morning's flight extra special for my 3 year old that want\xe2\x80\xa6 https://t.co/Zt54THbkII"""
2019-08-28 15:02:26,b'Awesome @United! This is why you have the best loyalty program. Easy to earn miles and a now a no miles expirations\xe2\x80\xa6 https://t.co/qSsix2R3AV'
2019-08-28 14:21:30,b'United Airlines : Announces MileagePlus Miles Never Expire #UnitedAirlines #Stock #MarketScreener\xe2\x80\xa6 https://t.co/XP7ttCDhx3'
2019-08-28 14:04:45,"b""RT @Autism_Puzzled: United Airlines crew, passengers befriend Texas boy with autism who wouldn't sit in seat - Fox News #Autism \xe2\x81\xa6\xe2\x81\xa6#unitedAI\xe2\x80\xa6"""
2019-08-28 13:52:12,"b""RT @PedsIDDoc_KS: Another #unitedAIRLINES delay. UAL703 EWR to LAX delayed because the flight attendant communication isn't working."""
2019-08-28 13:43:23,"b""United Airlines crew, passengers befriend Texas boy with autism who wouldn't sit in seat - Fox News #Autism \xe2\x81\xa6\xe2\x81\xa6\xe2\x80\xa6 https://t.co/a3Cug0oRA4"""
2019-08-28 13:42:42,"b""Another #unitedAIRLINES delay. UAL703 EWR to LAX delayed because the flight attendant communication isn't working."""
2019-08-28 13:15:42,b'#unitedairlines #aircanada get your act together when joining flights.'
2019-08-28 12:57:26,b'#unitedAIRLINES moving its #Boeing737Max jets to short-term storage in Arizona!'
2019-08-28 12:45:54,b'@united is #racist only offering free upgrades to Caucasian passengers after those black passengers had 2 cancelled\xe2\x80\xa6 https://t.co/Jtk1h3U5B1'
2019-08-28 12:28:08,b'United Airlines : moving its Boeing 737 MAX to short-term storage in Arizona #UnitedAirlines #Stock #MarketScreener\xe2\x80\xa6 https://t.co/jolNhuCBiJ'
2019-08-28 11:17:37,b'Back to my other job #unitedairlines #ualbostontowteam #ualboston #loganairport @ Boston Logan International Airport https://t.co/19Wu6VHW9N'
2019-08-28 11:14:20,b'Flying Friendly day @ewr airport!!#beingunited #unitedAIRLINES https://t.co/1jbu7omgoX'
2019-08-28 10:46:38,"b'Yet again United Airlines proves to be the worst airline in existence. Not transparent, not upfront, make up the ru\xe2\x80\xa6 https://t.co/78NEEBUX3X'"
2019-08-28 07:54:03,b'RT @RealTeriAnne: United Airlines Is Cracking Down on the Hidden-City Ticket Trick - Cond\xc3\xa9 Nast Traveler \xf0\x9f\xa7\xb3 \n#UnitedAirlines #hiddencity #Mo\xe2\x80\xa6'
2019-08-28 07:12:36,"b""United Airlines crew, passengers befriend Texas boy with autism who wouldn't sit in seat - Fox News\n\n\xe2\x9a\xa0\xef\xb8\x8f\xe2\x80\xa6 https://t.co/CTEx4zOuq5"""
2019-08-28 06:51:05,b'Amadeus expands NDC partnership with United Airlines #Amadeus #NDC #UnitedAirlines  https://t.co/S5HXTxGQhy'
2019-08-28 06:42:23,"b'Sometimes all you\'ve got to do is ask - and accept politely when you hear ""no.""\n\nThanks to the attendant who took p\xe2\x80\xa6 https://t.co/tNesaJJLo6'"
2019-08-28 01:24:31,b'RT @sixmiles_up: United Airlines suspending flights to Hong Kong out of Chicago ORD. #unitedairlines #TravelTuesday #HongKongAirport #AvGee\xe2\x80\xa6'
2019-08-28 01:02:28,b'Malaysian passenger pleaded guilty of installing camera in US flight toilet #Malaysia #Unitedairlines #usflight\xe2\x80\xa6 https://t.co/pEsWMBjlVV'
2019-08-28 00:39:30,b'#CaptainAlHaynes dies at 87; hero #UnitedAirlines pilot who landed stricken #DC10 in #Iowa without steering or hydr\xe2\x80\xa6 https://t.co/ACMkXnCLtf'
2019-08-28 00:21:29,b'RT @joeforhope: My buddy @timlorang the Czar of #Seattle #BreweryTours peeping out from the pages of #UnitedAirlines Hemisphere Magazine Go\xe2\x80\xa6'
2019-08-27 23:45:33,b'All About Our 9 Hour Flight To #Hawaii on #UnitedAirlines https://t.co/eZvdBMfOOd'
2019-08-27 23:04:56,b'Yay!!!! Yes!!! Thank you @united Woo Hoo! #friendlyskies #United #unitedAIRLINES https://t.co/YYqUw4YJyR'
2019-08-27 22:17:25,b'@united @albybocanegra Also got my bag lost by #unitedairlines and I\xe2\x80\x99ve been trying to fill out this claims form th\xe2\x80\xa6 https://t.co/yOI69wRN00'
2019-08-27 21:05:18,b'#Unitedairlines I swore I would never fly with you after the last fiasco we had....8 hour delay due to mechanical i\xe2\x80\xa6 https://t.co/AkGqeTsEbZ'
2019-08-27 20:07:39,b'RT @csb1214: Here we go again...my flight is delayed due to weather \xe2\x9b\x88 #travel #vacation #homewardbound #flightdelay #unitedairlines @ Cleve\xe2\x80\xa6'
2019-08-27 20:04:02,b'Here we go again...my flight is delayed due to weather \xe2\x9b\x88 #travel #vacation #homewardbound #flightdelay\xe2\x80\xa6 https://t.co/gh95F7sYxt'
2019-08-27 19:22:37,b'No @united #unitedairlines I continuously get told diffeeent information and it\xe2\x80\x99s frustrating #frustrated\xe2\x80\xa6 https://t.co/BzqN5RYZBV'
2019-08-27 19:12:17,b'#UnitedAirlines This is my final ride with you. I dont want to fly with you again. Cancellation Delays every time -\xe2\x80\xa6 https://t.co/l7P80szhDG'
2019-08-27 19:10:20,b'Ok here we go #UnitedAirlines - so far my 5 years in USA and not a single time I travelled with you without any iss\xe2\x80\xa6 https://t.co/8ontfi5ynB'
2019-08-27 18:50:31,b'@united  #UnitedAirlines your lame! I want mu refund. You made me pay for a ticket that was paid for back in Feb. &amp;\xe2\x80\xa6 https://t.co/mtxGCZCaJZ'
2019-08-27 18:45:18,"b'How the hell does @united cancel my flight, then cancel the flight the rebooked for me?! WHEN WILL I EVER GET HOME.\xe2\x80\xa6 https://t.co/7NkYJM9EG6'"
2019-08-27 18:22:58,b'Rest in peace\xf0\x9f\x8c\xb9\xf0\x9f\x8c\xbc\xf0\x9f\x8c\xbb\nCaptain #AlHaynes #UnitedAirlines #UA232 \n#SiouxCity #Iowa'
2019-08-27 17:39:17,"b'RT @AgueraMartin: Rest in Peace, Captain Haynes! \xf0\x9f\x99\x8f\xf0\x9f\x98\xa2#Pilot #UnitedAirlines @united https://t.co/LiKB3CRVK7'"
2019-08-27 17:33:20,"b""Just received a notice from #UnitedAirlines that the repairs should be done by Sept 26, but that really won't help\xe2\x80\xa6 https://t.co/x8bvYAElMU"""
2019-08-27 17:30:31,b'@amyhollyfield One must be able to get a hold of #UnitedAirlines first. Their lines are very busy this morning. #SFO \xe2\x9c\x88\xef\xb8\x8f'
2019-08-27 17:26:43,"b""@rickseaney I am a bit worried about #SFO. I'm connecting there to Hawaii during the repairs. Not many flights left\xe2\x80\xa6 https://t.co/N4Soxqebla"""
2019-08-27 16:20:29,"b'RT @AgueraMartin: Rest in Peace, Captain Haynes! \xf0\x9f\x99\x8f\xf0\x9f\x98\xa2#Pilot #UnitedAirlines @united https://t.co/LiKB3CRVK7'"
2019-08-27 16:05:13,b'Happy #tailtuesday \xe2\x9c\x88\xef\xb8\x8f Tag us in your #simulation photos! \xf0\x9f\x93\xb8 #boeing #flightSim #fsx #aircraft #airplane #photograph\xe2\x80\xa6 https://t.co/z5YaiE0FKr'
2019-08-27 15:50:46,b'https://t.co/qEUwLc5MWI #RIP #AlHaynes #UnitedAirlines #Flight232 #July191989 I remember this so vividly. https://t.co/qEUwLc5MWI'
2019-08-27 15:46:58,"b'RT @sacreole: Al Haynes, Pilot From Miraculous 1989 Crash Landing, Has Died https://t.co/zPE24WjLfc #SiouxCity #UnitedAirlines #planecrash'"
2019-08-27 15:39:29,b'Appreciate the First Class upgrade @united #unitedairlines #StarAlliance'
2019-08-27 15:31:50,"b'Before miracle on the hudson there was Sioux City and this man, Al Haynes, who made the most impossible landing wit\xe2\x80\xa6 https://t.co/wBIX7hajts'"
2019-08-27 15:19:09,"b'Al Haynes, Pilot From Miraculous 1989 Crash Landing, Has Died https://t.co/zPE24WjLfc #SiouxCity #UnitedAirlines #planecrash'"
2019-08-27 15:10:41,b'@united @CoryBooker Time for the Daily update Re  @United After 2 supervisors assured me that my bag would be deliv\xe2\x80\xa6 https://t.co/u2ZFUqafcc'
2019-08-27 15:03:36,b'RT @sixmiles_up: United Airlines suspending flights to Hong Kong out of Chicago ORD. #unitedairlines #TravelTuesday #HongKongAirport #AvGee\xe2\x80\xa6'
2019-08-27 15:02:54,b'United Airlines suspending flights to Hong Kong out of Chicago ORD. #unitedairlines #TravelTuesday #HongKongAirport\xe2\x80\xa6 https://t.co/qkr88HN3R7'
2019-08-27 15:01:14,"b'RT @FaithSocialNWK: KINDNESS COUNTS. Flight crew and passengers show kindness to boy with autism. ""God bless your patience, your love, your\xe2\x80\xa6'"
2019-08-27 15:00:33,"b'KINDNESS COUNTS. Flight crew and passengers show kindness to boy with autism. ""God bless your patience, your love,\xe2\x80\xa6 https://t.co/wE490GwYWO'"
2019-08-27 13:41:58,"b""@United I don't even use Twitter, but I will now be turning this account into a place for all United complaints to\xe2\x80\xa6 https://t.co/eoywH4VNcD"""
2019-08-27 13:12:11,b'Thank you \xe2\x80\x9cnot\xe2\x80\x9d flight attendants of #Unitedairlines for not wanting to fly back and stranding passengers.'
2019-08-27 12:43:44,b'#TravelAlert: #SanFrancisco #Airport/#SFO to Shut Down #Runway for Repair work\nStarts Next Saturday\nScheduled Close\xe2\x80\xa6 https://t.co/kW7kdUP3Jn'
2019-08-27 12:15:41,b'@united Getting an error when trying to fill out my claims form for the delayed baggage that #UnitedAirlines lost i\xe2\x80\xa6 https://t.co/VRC1z5xYdL'
2019-08-27 12:09:42,"b'I\xe2\x80\x99m extremely disappointed @united! Bought #basiceconomy ticket not becuz it was cheap, but because of the flight t\xe2\x80\xa6 https://t.co/Fxpexynrxm'"
2019-08-27 12:02:42,"b'Sunrise dream views from the 78-10. Meanwhile, back on the westside then #Atlanta on Thursday @united . #Traveling\xe2\x80\xa6 https://t.co/HzDgfGp78N'"
2019-08-27 11:38:05,b'Delayed departure on United airlines Maui forces cancellation and deplaning of passengers. 1:30 am #UnitedAirlines'
2019-08-27 11:30:23,b'Pilot praised for 1989 Iowa crash landing dies in Seattle #unitedairlines  #ua232 https://t.co/7rB0DlILz6'
2019-08-27 10:42:16,b'There\xe2\x80\x99s a man with a cat getting on my  @united flight. I hope he doesn\xe2\x80\x99t end up anywhere near me cause I\xe2\x80\x99m allergi\xe2\x80\xa6 https://t.co/lqMQRQyaqL'
2019-08-27 10:10:33,"b'Captain Al Haynes, pilot of United flight 232, dies at age 87. https://t.co/wnCIhWZYNn  #UnitedAirlines'"
2019-08-27 08:12:18,b'@united wants their passengers to be calm and believe the plane\xe2\x80\x99s engine will be fixed but can\xe2\x80\x99t even fix the gramm\xe2\x80\xa6 https://t.co/d8ir5NLkcH'
2019-08-27 07:12:32,"b'RT @AgueraMartin: Rest in Peace, Captain Haynes! \xf0\x9f\x99\x8f\xf0\x9f\x98\xa2#Pilot #UnitedAirlines @united https://t.co/LiKB3CRVK7'"
2019-08-27 04:46:18,b'@united They arrived.   Thank you for your replies! #unitedairlines'
2019-08-27 03:50:47,"b""@united Of course it was. It's not like the cleaning chemicals made it any less nauseating. This would never happen\xe2\x80\xa6 https://t.co/JdRyjidYJr"""
2019-08-27 03:33:23,"b'@united UA500 this morning from IND to SFO. You have no idea how nauseating this was. I love dogs, but it is truly\xe2\x80\xa6 https://t.co/IwC83gQ63y'"
2019-08-27 03:15:02,"b'#UnitedAirlines made me sit through a 16 hour flight, ran out of food and had no WiFi on the plane. #FAIL'"
2019-08-27 02:37:47,b'@TishTini @united @SouthwestAir Thank you. I guess I should go with @SouthwestAir next time. My money was likely st\xe2\x80\xa6 https://t.co/H63vt3zKFs'
2019-08-27 02:13:46,"b'Want to give a big shout-out to AJ, a Phillipines based @united agent.  Brought a smile to my tear filled face on a\xe2\x80\xa6 https://t.co/nGhEFzW67K'"
2019-08-27 02:07:27,b'RT @angiegaddy: #unitedairlines Flight 4090 MEM-IAH delayed so couldn\xe2\x80\x99t make connect home 2 YVR. Paid $200 extra for premium seats. Were to\xe2\x80\xa6'
2019-08-27 02:00:01,b'#unitedairlines Flight 4090 MEM-IAH delayed so couldn\xe2\x80\x99t make connect home 2 YVR. Paid $200 extra for premium seats.\xe2\x80\xa6 https://t.co/4cZGBvFaex'
2019-08-27 01:46:53,"b'RT @AgueraMartin: Rest in Peace, Captain Haynes! \xf0\x9f\x99\x8f\xf0\x9f\x98\xa2#Pilot #UnitedAirlines @united https://t.co/LiKB3CRVK7'"
2019-08-27 00:56:15,b'Original flight 3906 from ORD to DAY.  Now trying to get any flight from ORD to CMH. #unitedairlines. Last names Va\xe2\x80\xa6 https://t.co/Tt79GHRMW1'
2019-08-27 00:55:05,"b""Don't you hate it when you fly #unitedairlines forgets simple things like refilling the toxic chemicals that go int\xe2\x80\xa6 https://t.co/pTCC4jvGKT"""
2019-08-27 00:51:46,b'My mother had breast cancer surgery today.  Her two sisters flew in from Holland to be with her.   One has severe M\xe2\x80\xa6 https://t.co/diztkX9ku9'
2019-08-26 22:56:54,b'18-21 business days? Is this a joke? Is this @united idea of a professional turn around time to address a customer\xe2\x80\x99\xe2\x80\xa6 https://t.co/H8XxdmwLL0'
2019-08-26 22:53:23,b'.@united recently announced lots of new international flights from #Newark  #Nice #palermo #Capetown #travel\xe2\x80\xa6 https://t.co/FLvItDXMPJ'
2019-08-26 22:51:31,b'The latest Delta Air Lines Reservations Ph: +1-844-231-5895! https://t.co/PQ0rrtCHyr Thanks to @lancesatx @ugasbdc\xe2\x80\xa6 https://t.co/mN9G8Rj6iP'
2019-08-26 22:48:29,b'#UnitedAirlines cracks down on alcohol rules after crew incident\nhttps://t.co/gsQkNUn81z https://t.co/zMhpH9sS0n'
2019-08-26 22:45:34,"b'When I flew home from Tampa, with a layover in Houston, a bag of almost $100 in coins was stolen from my luggage pr\xe2\x80\xa6 https://t.co/7pZBB8bRzS'"
2019-08-26 22:37:11,b'This never happens with @Delta Horrible experiences every time with your company @united #UnitedAirlines\xe2\x80\xa6 https://t.co/cAHBn3mqTq'
2019-08-26 22:32:41,b'This is unacceptable and easy for those not getting on the plane to say #unitedairlines @united https://t.co/vrjO55YwqC'
2019-08-26 22:27:18,b'@united are you serious. A 6 hour delay and you think passengers are going to be at ease getting on a plane that ne\xe2\x80\xa6 https://t.co/fmFnpf9g72'
2019-08-26 22:23:06,b'99.9% of my @United flights are delayed. I have no idea why I continue to use this airline. #overit #unitedairlines'
2019-08-26 21:27:17,"b'RT @AgueraMartin: Rest in Peace, Captain Haynes! \xf0\x9f\x99\x8f\xf0\x9f\x98\xa2#Pilot #UnitedAirlines @united https://t.co/LiKB3CRVK7'"
2019-08-26 21:14:34,b'RT @HongKongTourism: Flying to Hong Kong this summer? Make sure to check out #UnitedAirlines for the best deals on flights. @united https:/\xe2\x80\xa6'
2019-08-26 20:52:51,"b'FUTURE RELEASE: @GeminiJets 1:400-scale @united @Boeing 787-9, item GJUAL1795. \xe2\x9c\x88\xef\xb8\x8f #GeminiJets #UnitedAirlines\xe2\x80\xa6 https://t.co/ro6XJn7r95'"
2019-08-26 20:28:32,b'@united @CoryBooker Time for the dailyupdate on @United Going on night 8 &amp; still no bag! Supervisor assured me yest\xe2\x80\xa6 https://t.co/JOyvHrK59q'
2019-08-26 20:17:06,"b'RT @AgueraMartin: Rest in Peace, Captain Haynes! \xf0\x9f\x99\x8f\xf0\x9f\x98\xa2#Pilot #UnitedAirlines @united https://t.co/LiKB3CRVK7'"
2019-08-26 20:12:25,"b'RT @AgueraMartin: Rest in Peace, Captain Haynes! \xf0\x9f\x99\x8f\xf0\x9f\x98\xa2#Pilot #UnitedAirlines @united https://t.co/LiKB3CRVK7'"
2019-08-26 20:10:49,"b'RT @AgueraMartin: Rest in Peace, Captain Haynes! \xf0\x9f\x99\x8f\xf0\x9f\x98\xa2#Pilot #UnitedAirlines @united https://t.co/LiKB3CRVK7'"
2019-08-26 20:08:20,"b'RT @AgueraMartin: Rest in Peace, Captain Haynes! \xf0\x9f\x99\x8f\xf0\x9f\x98\xa2#Pilot #UnitedAirlines @united https://t.co/LiKB3CRVK7'"
2019-08-26 20:07:15,b'@thekoryminx @united I was delayed on United for 9 hours and they never compensated for it. Spent three hours on th\xe2\x80\xa6 https://t.co/FgDZyDd8Sk'
2019-08-26 18:58:14,b'United Airlines Suspends Service Between Chicago and Hong Kong https://t.co/0dawOpRTTP #ORD #HKG #UnitedAirlines'
2019-08-26 18:56:59,b'On a United flight SFO-ATL;  only a few premium seats have Power plugs.  Power plugs should be a regular feature fo\xe2\x80\xa6 https://t.co/wvrLzX6gUE'
2019-08-26 18:43:54,"b'RT @JerryMika: Apa received the 2019 NAAAP 100 Award, which recognizes the most exemplary leaders in the Asian American community. Congratu\xe2\x80\xa6'"
2019-08-26 18:43:21,"b'Apa received the 2019 NAAAP 100 Award, which recognizes the most exemplary leaders in the Asian American community.\xe2\x80\xa6 https://t.co/nw44BkEWdt'"
2019-08-26 18:33:14,"b'Rest in Peace, Captain Haynes! \xf0\x9f\x99\x8f\xf0\x9f\x98\xa2#Pilot #UnitedAirlines @united https://t.co/LiKB3CRVK7'"
2019-08-26 18:28:22,b'Wow #UnitedAirlines #flight1510 to #Denver #nopretzels ! My flight #tummy could have used them ! They only have\xe2\x80\xa6 https://t.co/SFN1UK65hW'
2019-08-26 18:28:03,b'@UnitedPilots #UnitedAirlines @SouthwestAir \n@Delta @AmericanAir  do you have any programs for dog rescues to fly p\xe2\x80\xa6 https://t.co/UvuimBPKxA'
2019-08-26 17:52:00,"b'RT @loaferbruno: Remembering why I never fly @United Airlines. Cancelled direct flight and rebooked on a connecting flight, arriving hours\xe2\x80\xa6'"
2019-08-26 17:43:55,"b'#UnitedAirlines got me hemmed up today. After charging for every tiny thing, you could think of, we\xe2\x80\x99re sitting on t\xe2\x80\xa6 https://t.co/uGbVTLqT0G'"
2019-08-26 17:37:51,"b'Remembering why I never fly @United Airlines. Cancelled direct flight and rebooked on a connecting flight, arriving\xe2\x80\xa6 https://t.co/1hu8P8PnP2'"
2019-08-26 16:59:24,b'@united They gave me standby to a fully booked flight with everyone already checked in and 6 on standby ahead of me\xe2\x80\xa6 https://t.co/f4mxrNu9qH'
2019-08-26 15:53:20,"b'Oh #UnitedAirlines, please find another plane to Denver to replace the busted one we deplaned from. Need to @uxstrat ... stat!'"
2019-08-26 15:51:44,"b""Was on United Fl222 yesterday- almost killed us flying with one engine! Won't even compensate me #UnitedAirlines #terrified"""
2019-08-26 15:44:08,"b""IAH's attempt to digitally transform my lunch at the airport....took 15 minutes, a table change the system at the f\xe2\x80\xa6 https://t.co/Owv9JdctBO"""
2019-08-26 13:53:21,b'Watching people navigate the process of placing carry-on luggage into the overhead bins of an aircraft has me extre\xe2\x80\xa6 https://t.co/0MTaanoExd'
2019-08-26 13:00:03,"b""RT @udsteep: No more Macbook Pro's in Flight!\n\n#Apple #Macbook #MacbookPro #Flight #Aviation #INDIA #IND #Singapore #CivilAviation #Aeropla\xe2\x80\xa6"""
2019-08-26 12:35:42,"b'RT @Shiebaby: Delayed flights are NEVER fun,however if theres a plane problem,then the plane gets changed to a SMALLER plane and you stand\xe2\x80\xa6'"
2019-08-26 12:34:03,"b""No more Macbook Pro's in Flight!\n\n#Apple #Macbook #MacbookPro #Flight #Aviation #INDIA #IND #Singapore\xe2\x80\xa6 https://t.co/CPYW5MwNSp"""
2019-08-26 12:28:41,"b'Delayed flights are NEVER fun,however if theres a plane problem,then the plane gets changed to a SMALLER plane and\xe2\x80\xa6 https://t.co/PNWtg5B8Sl'"
2019-08-26 12:26:50,"b'Hey there, Willis! @united #e175 #mikeshot #united #unitedairlines #myunitedjourney #flyerfriendly #unitedjourney\xe2\x80\xa6 https://t.co/dlDjaCRe97'"
2019-08-26 12:23:09,b'Heading west.  \n#Sunrise #757 #Wingshot.  \n.\n.\n.\n.\n.\n.\n #NatGeo #unitedairlines #NBC4NY    #thecreative\xe2\x80\xa6 https://t.co/4QeYyzc7TC'
2019-08-26 09:19:46,b'I broke my own rule and scheduled flights with only a 35 minute layover at @ohare ... What. Will. Happen?\n\n#realtravel #UnitedAirlines'
2019-08-26 03:42:46,"b""@united bro can y'all not be delayed tmrw..i have a 6 am flight and i have more than enough time to get to work rig\xe2\x80\xa6 https://t.co/A0DHGmY1Oc"""
2019-08-26 03:14:52,b'#unitedairlines @united just got into a fight with three men at Ohaire airport after mistreating their customers in\xe2\x80\xa6 https://t.co/H5UJdy5u78'
2019-08-26 03:09:40,b'#unitedairlines \xe2\x81\xa6@UNITEDA1RLINES\xe2\x81\xa9 just got into a fight with three men at Ohaire airport after mistreating their cu\xe2\x80\xa6 https://t.co/320hIA5qJj'
2019-08-26 01:37:09,b'Sitting at #flymfrairport waiting for a 1 hour flight to #SFO on #unitedairlines that is already 2 hours LATE departing. Very annoyed.'
2019-08-26 01:16:21,b'RT @Valisitysarai: Literally the worst flight experience ever with @United #UnitedAirlines and I\xe2\x80\x99ve flown Spirit before. Never ever ever ag\xe2\x80\xa6'
2019-08-26 00:40:22,b'Literally the worst flight experience ever with @United #UnitedAirlines and I\xe2\x80\x99ve flown Spirit before. Never ever ever again. 0/10'
2019-08-26 00:32:17,"b""RT @Rkasil: Did the FBI cover up the real identity of DB Cooper?\nhttps://t.co/Kw1iBdcVK5   One of America's greatest unsolved mysteries. #D\xe2\x80\xa6"""
2019-08-26 00:12:55,b'Airlines serving meals and snacks on long flights: uhh pretty much everybody? \nAirlines that CHARGE you for a meage\xe2\x80\xa6 https://t.co/1rhwIyptIY'
2019-08-26 00:11:47,"b""Airlines who don't serve free alcohol: @united \nAirlines who serve free alcohol: literally everybody else including\xe2\x80\xa6 https://t.co/KiRZE6ZjTm"""
2019-08-26 00:11:26,"b'Normal plane delay: text/email in advance, more time to chill, lounge and walk around airport. Profuse apologies fr\xe2\x80\xa6 https://t.co/LHofz6civl'"
2019-08-26 00:05:16,b'My husband is currently flying business class with @united and was served a screw with his main course! Talk about\xe2\x80\xa6 https://t.co/n7MogIXPCG'
2019-08-25 22:49:01,"b""I haven't flown United in years, and honestly thought the negative reports were overblown. But everything you've he\xe2\x80\xa6 https://t.co/ki0i0nu3Zv"""
2019-08-25 22:33:08,b'@UNITEDA1RLINES @OscarMunozUA This afternoon flight UA222 had a serious in flight mechanical issue that required a\xe2\x80\xa6 https://t.co/SC7wo37Fgf'
2019-08-25 21:07:11,b'Loaded in to #polaris on #unitedairlines on our way to #barcelona @ Washington Dulles International Airport https://t.co/myMng1njTO'
2019-08-25 20:41:01,b'Passenger Claims He Was Forced to Sit in Vomit-Covered Seat on United Flight | TravelPulse https://t.co/KQV9Dr5WDh\xe2\x80\xa6 https://t.co/2p7UgkPKda'
2019-08-25 19:41:27,b'NEVER ever on time #unitedAIRLINES'
2019-08-25 19:36:03,b'@united What\xe2\x80\x99s with the attitude regarding bags with space for battery packs? There is such inconsistency with the\xe2\x80\xa6 https://t.co/Cbh3fBAe2y'
2019-08-25 19:10:39,"b'RT @kriseisenla: Another day, another #flight w @united. Awaiting my last #summer #travel trip at @Dreampolaris in @EWRairport - where is y\xe2\x80\xa6'"
2019-08-25 18:14:44,"b'#unitedAIRLINES just a miserable travel experience this weekend. Canceled flights disrupt Friday arrival to NY, del\xe2\x80\xa6 https://t.co/1PetAhVCq5'"
2019-08-25 17:59:25,"b'Another day, another #flight w @united. Awaiting my last #summer #travel trip at @Dreampolaris in @EWRairport - whe\xe2\x80\xa6 https://t.co/vWTST3hWxX'"
2019-08-25 17:38:16,b'#United Airlines is suspending two international routes. \n\xe2\x96\xaa\xef\xb8\x8fNewark - Buenos Aires\n\xe2\x96\xaa\xef\xb8\x8fChicago - Hong Kong\nNo official\xe2\x80\xa6 https://t.co/CBHSPKOegQ'
2019-08-25 17:31:36,b'#unitedAIRLINES on the runway again for 45 minutes https://t.co/4xTQLsapPQ'
2019-08-25 17:27:29,b'When your Spidey Sense says it is time to nap... Mr. Little thanks @united for the awesome sleepy mask!!!\xe2\x80\xa6 https://t.co/DBhlUo7dBl'
2019-08-25 17:26:48,b'I must admit-\nUnexpected free gifts have a way of completely reversing bad feelings towards a product/ service... n\xe2\x80\xa6 https://t.co/X1ZnH3inwL'
2019-08-25 17:18:01,"b""RT @Rkasil: Did the FBI cover up the real identity of DB Cooper?\nhttps://t.co/Kw1iBdcVK5   One of America's greatest unsolved mysteries. #D\xe2\x80\xa6"""
2019-08-25 17:14:47,"b""RT @Rkasil: Did the FBI cover up the real identity of DB Cooper?\nhttps://t.co/Kw1iBdcVK5   One of America's greatest unsolved mysteries. #D\xe2\x80\xa6"""
2019-08-25 16:47:54,"b""#unitedairlines #newarkairport  you're supposed to have a separate security line for Premier passengers! #hundredsofpeopleinline !"""
2019-08-25 15:14:42,b'How bad does #UnitedAirlines continue to get. Stuck on ground for an hour after landing.'
2019-08-25 14:55:21,b'@united I\xe2\x80\x99m heading off to Italy this upcoming week for my wedding! with family who are all on the same flight. Hop\xe2\x80\xa6 https://t.co/icGGRijkTM'
2019-08-25 14:28:55,"b'Seems @united is infamous for rude, inhumane and illogical behavior: https://t.co/TIsGZOVwLx\n\nThis is the world we\xe2\x80\xa6 https://t.co/RPKbC6FNdd'"
2019-08-25 14:06:06,"b""Time to fly \xe2\x9c\x88\xef\xb8\x8f \n#travel #vacation #workhardplayhard #unitedairlines @ Chicago O'Hare International Airport https://t.co/qZJ4SiAEdV"""
2019-08-25 13:41:02,"b""#UnitedAirlines suspends service between #Chicago and #HongKong citing 'reduced demand for travel'\nhttps://t.co/fojOIhX6Ls"""
2019-08-25 13:05:21,"b""United Airlines is suspending daily service from Chicago's O'Hare International Airport to\xc2\xa0Hong Kong\xc2\xa0starting next\xe2\x80\xa6 https://t.co/Fd6Vt62mOc"""
2019-08-25 13:00:40,b'Sunrise over New York City #newyork #newyorkcity #travelwarrior #ewr #unitedairlines #flygirl #crewlife @ Newark Li\xe2\x80\xa6 https://t.co/uY5zjY26Za'
2019-08-25 12:55:52,"b""OK #unitedAIRLINES , I gave you a chance and you rebooked my son's ticket adding on an extra stop!!! WTH I pick you\xe2\x80\xa6 https://t.co/zCQXgLldq8"""
2019-08-25 12:47:31,b'Hey @united how about instead of continuing to delay a flight for \xe2\x80\x9ctechnical issues\xe2\x80\x9d you know is never going to tak\xe2\x80\xa6 https://t.co/EhrzBHGB05'
2019-08-25 12:03:33,b'@united Heading back onto United for our trip to HAWAIII!!! \nHope United doesn\xe2\x80\x99t do another major #fail like our tr\xe2\x80\xa6 https://t.co/KkITIDvpVQ'
2019-08-25 11:51:39,b'Flights this early on a Sunday should be illegal...\n.\n.\n.\n.\n.\n#tooearly #worktravel #denverlove #colorfulcolorado\xe2\x80\xa6 https://t.co/4iWeKo2hqP'
2019-08-25 10:15:32,"b""237. No soup post this week because I'm busy getting on a plane to the Sunshine State for work. #project365 #ewr\xe2\x80\xa6 https://t.co/GIfZTBunR4"""
2019-08-25 08:20:26,b'#UnitedAirlines: Private Educator Dances with Cara Delevingne   Report Says'
2019-08-25 07:42:47,b'#unitedAIRLINES left a pair of headphones on a flight from Zurich to IAD yesterday...pls help \xf0\x9f\x99\x8f....'
2019-08-25 06:03:31,"b'#UnitedAirlines - your Customer Care team is slow, but on the bright side they also suck. So long. I\xe2\x80\x99ll take my air patronage elsewhere.'"
2019-08-25 05:41:42,b'EWR-NRT food #unitedairlines #polaris https://t.co/gkp6qNDaYr'
2019-08-25 05:25:12,b'Just FYI \xe2\x81\xa6@united\xe2\x81\xa9 this is not a \xe2\x80\x9cwindow seat.\xe2\x80\x9d #UnitedAirlines #flying #lies https://t.co/CwUu5st2Eu'
2019-08-25 04:12:05,b'I\xe2\x80\x99m sick of the deplorable mega conglomerate airlines that have made travel literal hell. The GOP will not allow an\xe2\x80\xa6 https://t.co/QIcaC6bgzj'
2019-08-25 03:00:08,"b'""United Airlines announced it was making good on its promise to help travelers with tough flight connections by fur\xe2\x80\xa6 https://t.co/Yo5lYsgQIz'"
2019-08-25 01:47:31,"b'RT @kiwiandkoala: Off on an adventure to Italy Monday, but boy did #UnitedAirlines @united make it rough. Half our tickets have no seat ass\xe2\x80\xa6'"
2019-08-25 01:15:42,"b'@chadharlan @united Oh snap. Hey, I\xe2\x80\x99ve had good experiences with @SouthwestAir FWIW #unitedairlines #united #southwest #southwestairlines'"
2019-08-25 00:10:53,b'Home sweet home!! Thank you to @united for getting me there and back safely. #homesweethome #unitedairlines @ Los A\xe2\x80\xa6 https://t.co/TqCzErj6mZ'
2019-08-24 23:45:28,"b""Premium economy used to be actually premium now it's just what seats should be like everyday. #unitedairlines https://t.co/72DrXm2E6B"""
2019-08-24 23:18:34,b'He is now missing two days of work and will be completely exhausted upon arrival back in Taiwan...this on top of va\xe2\x80\xa6 https://t.co/GgrUMg8QJY'
2019-08-24 23:16:16,b'So my husband just gets messages telling him that his new #unitedAIRLINES flight from ORD to SFO is also delayed 3\xe2\x80\xa6 https://t.co/SplcJYl1vk'
2019-08-24 22:36:01,b'RT @MikeDnNC: Thank you for nothing. We arrived at Newark only for your employees to close the door in our face and miss our plane by one m\xe2\x80\xa6'
2019-08-24 22:00:15,b'I am so disappointed by how poorly #unitedAIRLINES has handled this entire situation. Very unprofessional. This doe\xe2\x80\xa6 https://t.co/TCo2oXIB9M'
2019-08-24 21:58:34,"b'We specifically booked a very early morning #unitedAIRLINES flight, so he would arrive at SFO at 10.30am and have 1\xe2\x80\xa6 https://t.co/erVEzkyXOQ'"
2019-08-24 21:56:33,"b""The #unitedAIRLINES attitude made this situation even more stressful. Worse yet, the Milwaukee agents didn't book a\xe2\x80\xa6 https://t.co/DlLK12fogo"""
2019-08-24 21:55:02,b'#UnitedAirlines Flight 915 #Dulles to #Paris #Boeing777 I love watching #planes #fly \xe2\x81\xa6@UNITEDA1RLINES\xe2\x81\xa9 https://t.co/R84Hk0mpvP'
2019-08-24 21:54:03,b'2) He arrived and the agents at the #unitedAIRLINES at ORD asked him all kinds of questions and tried to make him p\xe2\x80\xa6 https://t.co/cRPcTiOHAF'
2019-08-24 21:52:29,"b""RT @jayfutw: 1) Very disappointed by my husband's #unitedAIRLINES experience. His flight out of MKE was supposed to leave at 7:05am, but wa\xe2\x80\xa6"""
2019-08-24 21:51:52,"b""1) Very disappointed by my husband's #unitedAIRLINES experience. His flight out of MKE was supposed to leave at 7:0\xe2\x80\xa6 https://t.co/Bnbcpw6xrT"""
2019-08-24 21:33:00,"b'@united I went to 4 help desks and reported it missing within 1hr- no response, no help. Not confident anyone at Un\xe2\x80\xa6 https://t.co/6OYmOdWcW4'"
2019-08-24 20:54:43,b'To see this video either click on the link on my Instagram profile or click on the click in this post\xe2\x80\xa6 https://t.co/IkhYvYPPvV'
2019-08-24 20:35:30,b'@UNITEDA1RLINES - please remove this online checkin / delay to business travelers !!!! It\xe2\x80\x99s crazy!  Stop people at\xe2\x80\xa6 https://t.co/Xnx8qQV163'
2019-08-24 20:07:05,"b'If you like #Aviation, #Aircrafts, #Planes #RampAgents give my new page \xe2\x80\x9cRamping Around\xe2\x80\x9d on Instagram some love! Pl\xe2\x80\xa6 https://t.co/0oQtfCDbGH'"
2019-08-24 19:25:00,b'@UNITEDA1RLINES @whataworld @UNITEDA1RLINES only gives a #$150 #travel voucher  to reimburse #transportation to &amp; f\xe2\x80\xa6 https://t.co/Xejd7O7V9g'
2019-08-24 19:22:48,b'RT @nickpejo: I redownloaded Twitter just to say how terrible of an airline @united is. They lost our luggage 5 days ago and we haven\xe2\x80\x99t hea\xe2\x80\xa6'
2019-08-24 19:16:18,b'I redownloaded Twitter just to say how terrible of an airline @united is. They lost our luggage 5 days ago and we h\xe2\x80\xa6 https://t.co/0Izbcw6LLz'
2019-08-24 18:30:29,"b'""United Airlines named a top #company for #disability #inclusion."" It\'s no surprise that #UnitedAirlines is an\xe2\x80\xa6 https://t.co/r1oDYeCrPo'"
2019-08-24 18:25:38,b'Said would replace my luggage in 10 days and have been 2 months and nothing #UnitedAirlines'
2019-08-24 18:24:14,b'Do not fly #UnitedAirlines\nDamaged my luggage and will not replace claim # PTY1111D9'
2019-08-24 17:47:13,"b""@united I appreciate your suggestion, and having benefitted in the past from compensating certificates, I won't bot\xe2\x80\xa6 https://t.co/S8MWwJhcV2"""
2019-08-24 17:39:57,b'United Airlines Announces New International Routes #aviationnews #unitedairlines #unitedairlinesexpansion\xe2\x80\xa6 https://t.co/cGd97ZV1vD'
2019-08-24 17:16:00,"b'The @united Twitter account team is awesome! I complained about an issue on Twitter, just to vent my frustration bu\xe2\x80\xa6 https://t.co/88lI8ZnxEE'"
2019-08-24 17:09:39,"b'#UnitedAirlines suspends flights from Chicago, citing weak demand #HongKongProtests  https://t.co/tSBHAiNKa1'"
2019-08-24 17:06:07,b'How can United Airlines delay my flight home for 47 hours? Only traveling from Montana to Chicago. Inexcusable.#unitedAIRLINES'
2019-08-24 16:04:36,b'United\xe2\x80\x99s new \xe2\x80\x9ceconomy\xe2\x80\x9d pricing scheme is basically extortion. Why would I want to fly without a bag? #UnitedAirlines #boycottunited'
2019-08-24 15:27:32,"b'#unitedAIRLINES \xe2\x80\x94 Learn \xe2\x80\x9cHospitality\xe2\x80\x9d from your alliance. Last night in the flight from Newark to Z\xc3\xbcrich, the offer\xe2\x80\xa6 https://t.co/gnl8R2LbJ7'"
2019-08-24 15:13:51,"b'@united Thank you #unitedairlines for asking me to take this offline &amp; DM you, only to have your rep call me \xe2\x80\x98confused\xe2\x80\x99.'"
2019-08-24 15:09:25,b'Shoulder strap for #unitedairlines #polaris #businessclass https://t.co/Wkglu3fa7j'
2019-08-24 15:00:29,"b'#UnitedAirlines Looking at the feed of the incredible delay of UA598 EWR to IAH, coupled with the varying explanati\xe2\x80\xa6 https://t.co/6qLF16z73E'"
2019-08-24 14:56:23,b'My own mini-suite #unitedairlines #polaris #businessclass https://t.co/HzeZIM5mg3'
2019-08-24 14:27:29,b'Sad to hear that #UnitedAirlines is cancelling the HongKong-Chicago route \xf0\x9f\x98\x9e This is a very good routing as #UA895/\xe2\x80\xa6 https://t.co/j9XKy2IyJf'
2019-08-24 14:22:01,b'Some pre-boarding champagne #unitedairlines #polaris https://t.co/7ghTHYvOK4'
2019-08-24 14:07:43,b'RT @PeterMorscheck: 7 Best Tweets about the #UnitedAirlines Scandal https://t.co/NA29yoguX2'
2019-08-24 13:07:06,b'RT @MyBabyGroot: I am Groot. \n\n#DreamingOfFriends\n\n#Spiderman\n\n#groot\xc2\xa0#babygroot\xc2\xa0#iamgroot\xc2\xa0\xc2\xa0#wearegroot\xc2\xa0#twig\xc2\xa0#guardians\xc2\xa0#guardiansofthegal\xe2\x80\xa6'
2019-08-24 12:59:39,b'I am Groot. \n\n#DreamingOfFriends\n\n#Spiderman\n\n#groot\xc2\xa0#babygroot\xc2\xa0#iamgroot\xc2\xa0\xc2\xa0#wearegroot\xc2\xa0#twig\xc2\xa0#guardians\xc2\xa0\xe2\x80\xa6 https://t.co/BTBWo928BM'
2019-08-24 12:46:48,b'@united reminder to everyone not to deal with #unitedAIRLINES ever in there life!\n~worst staff on board and at airp\xe2\x80\xa6 https://t.co/k1ihtFkDcG'
2019-08-24 12:43:58,b'Best tarmac views #polaris #unitedairlines https://t.co/VvRrXekVdk'
2019-08-24 12:43:30,b'Best part of EWR #polaris #unitedairlines https://t.co/zpUop70Z8U'
2019-08-24 12:00:10,b'Beautiful day for flying #unitedairlines https://t.co/aT5efwy0Gx'
2019-08-24 11:46:14,b'RT @MikeDnNC: Thank you for nothing. We arrived at Newark only for your employees to close the door in our face and miss our plane by one m\xe2\x80\xa6'
2019-08-24 11:23:18,b'RT @HongKongTourism: Flying to Hong Kong this summer? Make sure to check out #UnitedAirlines for the best deals on flights. @united https:/\xe2\x80\xa6'
2019-08-24 11:20:35,b'United Airlines New Livery on a ExpressJet ERJ-175! N609UX #unitedairlines #unitedexpress #newlivery #airplane\xe2\x80\xa6 https://t.co/GBCJcWhZYP'
2019-08-24 11:01:59,b'RT @HongKongTourism: Planning a trip to Hong Kong? #UnitedAirlines has great deals on flights. @united \xf0\x9f\x93\xb7: @haasman25 #DiscoverHongKong #rep\xe2\x80\xa6'
2019-08-24 10:36:20,b'RT @HongKongTourism: Looking for your next vacation spot? #UnitedAirlines has incredible deals on flights to Hong Kong. @united \xf0\x9f\x93\xb7: @antonio\xe2\x80\xa6'
2019-08-24 10:16:11,b'One of the lightest loads I\xe2\x80\x99ve had on a 737: 38 passengers. #unitedairlines https://t.co/SEiLXmxrEf'
2019-08-24 10:08:52,"b'Please, God. Can #unitedairlines find an airplane that works so I can go to my niece\xe2\x80\x99s birthday party? Is that a weird, selfish prayer?'"
2019-08-24 10:00:24,b'Paid First Class #unitedairlines https://t.co/O6KWnfVSrz'
2019-08-24 07:33:24,"b'Wellness Holidays: Hottest Travel Trend of 2019!!\n\nIf you are someone who is looking for a hardcore workout week, t\xe2\x80\xa6 https://t.co/h18o69niyo'"
2019-08-24 06:50:38,b'RT @MikeDnNC: Thank you for nothing. We arrived at Newark only for your employees to close the door in our face and miss our plane by one m\xe2\x80\xa6'
2019-08-24 06:27:40,b'RT @birrlad: Banking out of @HeathrowAirport in blue skies @UNITEDA1RLINES B787 N26910 (Nov 2018). #avgeek #aviation #unitedairlines #heath\xe2\x80\xa6'
2019-08-24 06:17:24,b'@united just told rudely by customer service that you will not even cover accommodations even though your pilot sai\xe2\x80\xa6 https://t.co/LP2tTXXhOL'
2019-08-24 05:38:59,b'Thank you for nothing. We arrived at Newark only for your employees to close the door in our face and miss our plan\xe2\x80\xa6 https://t.co/qqJCdbZpi5'
2019-08-24 04:22:20,b'RT @get_dat_BIRD: #unitedAIRLINES is Bullshit!!! How my flight get delayed..: finally get on the plane just to sit here for hours and still\xe2\x80\xa6'
2019-08-24 04:13:32,b'#unitedAIRLINES is Bullshit!!! How my flight get delayed..: finally get on the plane just to sit here for hours and\xe2\x80\xa6 https://t.co/YoeCKGkiSe'
2019-08-24 04:12:55,"b'As I sit through this 4h #delayed #unitedairlines flight, I hear the babies and kids cry without proper food or wat\xe2\x80\xa6 https://t.co/ct1K8sdnwa'"
2019-08-24 03:09:14,"b""@UNITEDA1RLINES these last minute notifications are ridic. Y'all knew all day there were delays but didn't say anyt\xe2\x80\xa6 https://t.co/GdADXkuxdw"""
2019-08-24 03:03:04,b'#UnitedAirlines Unveils Major International Expansion\n\n#airlines #aviation #airlinenews #travetrade #travel\xe2\x80\xa6 https://t.co/6o4dVpb1Zv'
2019-08-24 01:21:47,b'@UNITEDA1RLINES you have to do better than this. Our 7:45 Charlotte flight delayed until 11pm. Our 10:50 flight to\xe2\x80\xa6 https://t.co/FWzz2AMjaW'
2019-08-24 01:09:12,"b'You thoughts loosing you bags sucks, #unitedAIRLINES lost my dad at #EWR my family and I had a terrible day not to\xe2\x80\xa6 https://t.co/mh662E004f'"
2019-08-24 01:07:21,"b'RT @bowersusmc: Sad that #UnitedAirlines \n#Flight #UA360 from IAD to TPA is three hours #delayed :(  My husband  &amp; I, are furious!  I\xe2\x80\x99m #no\xe2\x80\xa6'"
2019-08-24 01:04:51,"b'RT @RothZhilin: #unitedairlines lost my ELDERLY FATHER who has #Alzheimers @EWRairport Thursday! United, is this your standard of care for\xe2\x80\xa6'"
2019-08-24 01:03:31,"b'#unitedairlines lost my ELDERLY FATHER who has #Alzheimers @EWRairport Thursday! United, is this your standard of c\xe2\x80\xa6 https://t.co/COPhxyLIGD'"
2019-08-24 01:01:45,"b'Sad that #UnitedAirlines \n#Flight #UA360 from IAD to TPA is three hours #delayed :(  My husband  &amp; I, are furious!\xe2\x80\xa6 https://t.co/ELJYUWTuef'"
2019-08-24 00:48:50,"b'RT @kiwiandkoala: Off on an adventure to Italy Monday, but boy did #UnitedAirlines @united make it rough. Half our tickets have no seat ass\xe2\x80\xa6'"
2019-08-24 00:44:39,"b""@MoveTheSticks If #UnitedAirlines WiFi I paid for actually worked I'd hit this with an Oprah passing out cars GIF"""
2019-08-24 00:25:29,"b'RT @kiwiandkoala: Off on an adventure to Italy Monday, but boy did #UnitedAirlines @united make it rough. Half our tickets have no seat ass\xe2\x80\xa6'"
2019-08-23 23:42:54,b'Weather didn\xe2\x80\x99t help this time either. Good to be back !!!! But with the upgrade #unitedairlines good one \xe2\x98\x9d\xef\xb8\x8f @ Newar\xe2\x80\xa6 https://t.co/lPCOWD5kxW'
2019-08-23 23:13:13,"b'Enjoy your $164 on me  #OscarMunozunited and #jaimedimon. You charged me that, even though I didn\xe2\x80\x99t use\xe2\x80\xa6 https://t.co/kIIte6W6lL'"
2019-08-23 23:06:29,b'If you are willing to grab the best offers and benefits then visit United Airlines Reservations Official Site at:\xe2\x80\xa6 https://t.co/EPi2WG7CXI'
2019-08-23 22:43:16,"b'RT @FrenchlyDoesIt: The Riviera is calling \xe2\x80\x94 starting next summer, United Airlines will offer direct flights from New York to Nice. #united\xe2\x80\xa6'"
2019-08-23 21:52:01,b'@United flight 687 delayed for hours for literally no other reason than you overschesuling flights into Newark #ewr #unitedairlines'
2019-08-23 21:46:15,"b'The Riviera is calling \xe2\x80\x94 starting next summer, United Airlines will offer direct flights from New York to Nice.\xe2\x80\xa6 https://t.co/JUkMfYVGyu'"
2019-08-23 21:30:05,b'\xf0\x9f\xa4\xa2 Two passengers on a #UnitedAirlines flight said they were forced to sit in vomit-covered seats. All the details h\xe2\x80\xa6 https://t.co/YrrEhSkGtE'
2019-08-23 21:26:34,"b'Off on an adventure to Italy Monday, but boy did #UnitedAirlines @united make it rough. Half our tickets have no se\xe2\x80\xa6 https://t.co/5faQ2sAXjh'"
2019-08-23 21:01:31,b'RT @GTTG100: Another day in the penalty box @slcairport .  Provides for some fantastic photos though. #united #unitedairlines #utah #slc #t\xe2\x80\xa6'
2019-08-23 20:59:12,b'Another day in the penalty box @slcairport .  Provides for some fantastic photos though. #united #unitedairlines\xe2\x80\xa6 https://t.co/ITQ8UwiC95'
2019-08-23 20:27:30,"b""\xf0\x9f\x98\x82 they must've read this tweet and cancelled my flight! 1/3 flights on the week is pretty shit, @united #unitedAIRLINES"""
2019-08-23 20:12:40,"b'#UnitedAirlines to home ORD (@ Gate 62 in San Francisco, CA) https://t.co/qIxHACGuv0'"
2019-08-23 20:08:09,b'You don\xe2\x80\x99t know how much I hate @United now this flight is delayed! #unitedairlines'
2019-08-23 19:25:00,"b""Let me use Twitter for its real pyrpose: to complain. \n\nMy @united flight 269 has been delayed 3x and I've received\xe2\x80\xa6 https://t.co/QSbVY07fgR"""
2019-08-23 19:08:22,b'RT @allisonscola: YEY! #unitedAIRLINES announced nonstop flight to Palermo from Newark starting May 2020! What a dream! #palermo #sicilytra\xe2\x80\xa6'
2019-08-23 18:39:18,b'#unitedairlines you guys suck. That is all....'
2019-08-23 18:35:08,b'RT @ChakraNews: @miss9afi Why did this religious man use violence unprovoked. Another example of Islamic supremacy unchallenged. Usual occu\xe2\x80\xa6'
2019-08-23 18:34:28,b'After a bad @united basic economy experience from #SanFrancisco to #Seattle (https://t.co/LvmVZFtIK4). I gave\xe2\x80\xa6 https://t.co/HokzXOXOR4'
2019-08-23 18:24:23,"b""just realized there's no tipping on flights! unless I'm unaware but certainly getting great service at the moment\xe2\x80\xa6 https://t.co/6RW5wXNk6M"""
2019-08-23 17:43:49,b'RT @KariByron: Thanks #UnitedAirlines for the upgrade to Spider-Man class. https://t.co/VbyYkEhBQ6'
2019-08-23 16:27:37,"b'RT @AIAA_UH: It is a great opportunity, if you are intereseted in learning about working at United and with aircraft! This meeting is not o\xe2\x80\xa6'"
2019-08-23 15:55:27,b'Banking out of @HeathrowAirport in blue skies @UNITEDA1RLINES B787 N26910 (Nov 2018). #avgeek #aviation\xe2\x80\xa6 https://t.co/OKBp15lREj'
2019-08-23 15:54:18,b'In the cockpit of United Airlines a few weeks ago heading to Cancun @united @iah @OpenAirplane #unitedairlines\xe2\x80\xa6 https://t.co/83OAEePeXb'
2019-08-23 15:23:18,b'RT @lifeofbecker: @united just delayed our flight 4 hours because an employee submitted the wrong paperwork for our plane and it\xe2\x80\x99s too smal\xe2\x80\xa6'
2019-08-23 15:21:03,b'@united has done it again! They changed my flight times and didn\xe2\x80\x99t tell me! I logged in &amp; just happened to notice t\xe2\x80\xa6 https://t.co/AJeVzpVJzu'
2019-08-23 15:18:53,b'To see this video either click on the link on my Instagram profile or click on the click in this post\xe2\x80\xa6 https://t.co/qnGkTeIhBq'
2019-08-23 15:02:15,b'@united just delayed our flight 4 hours because an employee submitted the wrong paperwork for our plane and it\xe2\x80\x99s to\xe2\x80\xa6 https://t.co/rRuSqPQWYf'
2019-08-23 14:51:00,b'These #travelers were not feeling so friendly in the sky after a recent #unitedairlines flight. \xf0\x9f\x98\xb2\nhttps://t.co/b1vChUhDcg'
2019-08-23 14:45:12,b'#unitedAIRLINES SUCKS SO HARD. There\xe2\x80\x99s no legroom even for me and I\xe2\x80\x99m 5\xe2\x80\x993\xe2\x80\x9d. They tell you \xe2\x80\x9cno carryon allowed\xe2\x80\x9d and\xe2\x80\xa6 https://t.co/qSrcgJUp7Q'
2019-08-23 14:24:36,b'@united been sitting on this plane for an hour and a half for my weekend long trip. Super exciting maintenance issu\xe2\x80\xa6 https://t.co/XiXTXwXaSi'
2019-08-23 14:09:53,"b""@united 21 days till you respond to this as well? You're lack of any interaction seems to confirm your disdain and\xe2\x80\xa6 https://t.co/4HokoDZIlF"""
2019-08-23 14:05:05,"b'Awful service, delays, not flexible #UnitedAirlines #9news UA980'"
2019-08-23 13:25:59,b'In welcome #airlinenews @united announces new direct flights from #EWR to #CUR  @CuracaoTravel @diamondpr\xe2\x80\xa6 https://t.co/kYykpxggDG'
2019-08-23 13:25:52,"b'Been waiting 10 minutes in line while 3 United Concierges can open up to help. Thanks @united, you\xe2\x80\x99ve got some help\xe2\x80\xa6 https://t.co/8f42b79kNF'"
2019-08-23 13:17:25,b'Is @United co-sponsoring this beautiful sunrise in Medford (@CityofMedford @flyMFRairport)? Have a great day everyo\xe2\x80\xa6 https://t.co/Wt5nWuflN8'
2019-08-23 12:37:58,b'I barely made it to my #connectingflight I\xe2\x80\x99m lucky I can breath \xf0\x9f\x98\x82\xf0\x9f\x98\x82\xf0\x9f\x98\x82 Time for a nap! #californiahereicome\xe2\x80\xa6 https://t.co/kiNaH0xm8Y'
2019-08-23 12:03:41,b'@united It would be nice to have these (trash cans) at other United counters. #unitedAIRLINES https://t.co/Bhomgi0NQX'
2019-08-23 11:57:37,b'Nice bursts of lighting while flying into #houstontx on #unitedAIRLINES  #LightningNetwork @Lightning100 https://t.co/yqU5r1ZoQy'
2019-08-23 11:46:46,"b'Manhattan Skyline New-York, colorful small print by Albert H. Hollenbeck painted for United Air Lines\xe2\x80\xa6 https://t.co/ULcE27Bih8'"
2019-08-23 11:45:49,b'YEY! #unitedAIRLINES announced nonstop flight to Palermo from Newark starting May 2020! What a dream! #palermo\xe2\x80\xa6 https://t.co/AYlfdbnH9H'
2019-08-23 11:20:55,"b'It is a great opportunity, if you are intereseted in learning about working at United and with aircraft! This meeti\xe2\x80\xa6 https://t.co/1ceNztH11s'"
2019-08-23 10:37:07,"b'RT @wfo68: Once again I have been thwarted by United and Newark airport with yet another cancelled flight. As I said, air travel in this co\xe2\x80\xa6'"
2019-08-23 10:29:00,"b'Once again I have been thwarted by United and Newark airport with yet another cancelled flight. As I said, air trav\xe2\x80\xa6 https://t.co/SLxGsHhaaG'"
2019-08-23 09:26:51,b'@united That\xe2\x80\x99s a slow TAT! Especially considering I incurred extra costs. Legit bad experiences should be automatic\xe2\x80\xa6 https://t.co/2clCQogcSj'
